,PLAYER_ID,SEASON_ID,LEAGUE_ID,TEAM_ID,TEAM_ABBREVIATION,PLAYER_AGE,GP,GS,MIN,FGM,FGA,FG_PCT,FG3M,FG3A,FG3_PCT,FTM,FTA,FT_PCT,OREB,DREB,REB,AST,STL,BLK,TOV,PF,PTS
0,76001,1990-91,00,1610612757,POR,23.0,43,0,290.0,55,116,0.474,0.0,0.0,0.0,25,44,0.568,27.0,62.0,89.0,12,4.0,12.0,22.0,39,135
1,76001,1991-92,00,1610612757,POR,24.0,71,1,934.0,178,361,0.493,0.0,0.0,0.0,76,101,0.752,81.0,179.0,260.0,30,25.0,16.0,66.0,132,432
2,76001,1992-93,00,1610612749,MIL,25.0,12,0,159.0,26,56,0.464,0.0,1.0,0.0,12,16,0.75,12.0,25.0,37.0,10,6.0,4.0,13.0,24,64
3,76001,1992-93,00,1610612738,BOS,25.0,63,52,1152.0,219,417,0.525,0.0,0.0,0.0,76,100,0.76,114.0,186.0,300.0,17,19.0,22.0,84.0,165,514
4,76001,1992-93,00,0,TOT,25.0,75,52,1311.0,245,473,0.518,0.0,1.0,0.0,88,116,0.759,126.0,211.0,337.0,27,25.0,26.0,97.0,189,578
5,76001,1993-94,00,1610612738,BOS,26.0,13,0,159.0,24,55,0.436,0.0,0.0,0.0,16,25,0.64,12.0,34.0,46.0,3,2.0,3.0,17.0,20,64
6,76001,1994-95,00,1610612758,SAC,27.0,51,0,476.0,117,220,0.532,0.0,2.0,0.0,20,35,0.571,34.0,72.0,106.0,13,15.0,12.0,40.0,102,254
7,76001,1994-95,00,1610612755,PHL,27.0,3,0,30.0,1,11,0.091,0.0,0.0,0.0,0,0,0.0,3.0,5.0,8.0,0,0.0,0.0,5.0,2,2
8,76001,1994-95,00,0,TOT,27.0,54,0,506.0,118,231,0.511,0.0,2.0,0.0,20,35,0.571,37.0,77.0,114.0,13,15.0,12.0,45.0,104,256
9,76002,1968-69,00,1610612749,MIL,23.0,29,,837.0,126,347,0.363,,,,68,106,0.642,,,378.0,33,,,,98,320
10,76002,1968-69,00,1610612758,CIN,23.0,20,,108.0,18,43,0.419,,,,2,7,0.286,,,31.0,4,,,,17,38
11,76002,1968-69,00,0,TOT,23.0,49,,945.0,144,390,0.369,,,,70,113,0.619,,,409.0,37,,,,115,358
12,76002,1969-70,00,1610612749,MIL,24.0,80,,1637.0,237,546,0.434,,,,119,185,0.643,,,603.0,62,,,,167,593
13,76002,1970-71,00,1610612760,SEA,25.0,61,,1276.0,263,597,0.441,,,,139,188,0.739,,,468.0,42,,,,118,665
14,76002,1971-72,00,1610612760,SEA,26.0,58,,1780.0,322,751,0.429,,,,154,214,0.72,,,654.0,124,,,,178,798
15,76002,1972-73,00,1610612745,HOU,27.0,48,,900.0,149,375,0.397,,,,119,162,0.735,,,304.0,53,,,,108,417
16,76002,1973-74,00,1610612745,HOU,28.0,79,,2459.0,336,732,0.459,,,,193,240,0.804,259.0,664.0,923.0,166,80.0,104.0,,227,865
17,76002,1974-75,00,1610612745,HOU,29.0,65,,1450.0,235,538,0.437,,,,159,203,0.783,154.0,334.0,488.0,84,37.0,74.0,,128,629
18,76002,1975-76,00,1610612760,SEA,30.0,27,,223.0,35,75,0.467,,,,16,29,0.552,30.0,46.0,76.0,16,8.0,15.0,,29,86
19,76002,1976-77,00,1610612746,BUF,31.0,22,,195.0,25,74,0.338,,,,33,43,0.767,41.0,49.0,90.0,7,3.0,9.0,,21,83
20,76002,1977-78,00,1610612745,HOU,32.0,14,,134.0,20,47,0.426,,,,15,20,0.75,13.0,22.0,35.0,7,2.0,2.0,8.0,25,55
21,76002,1977-78,00,1610612738,BOS,32.0,2,,24.0,3,13,0.231,,,,2,3,0.667,6.0,9.0,15.0,3,1.0,1.0,3.0,4,8
22,76002,1977-78,00,0,TOT,32.0,16,,158.0,23,60,0.383,,,,17,23,0.739,19.0,31.0,50.0,10,3.0,3.0,11.0,29,63
23,76003,1969-70,00,1610612749,MIL,23.0,82,0,3534.0,938,1810,0.518,,,,485,743,0.653,,,1190.0,337,,,,283,2361
24,76003,1970-71,00,1610612749,MIL,24.0,82,82,3288.0,1063,1843,0.577,,,,470,681,0.69,,,1311.0,272,,,,264,2596
25,76003,1971-72,00,1610612749,MIL,25.0,81,81,3583.0,1159,2019,0.574,,,,504,732,0.689,,,1346.0,370,,,,235,2822
26,76003,1972-73,00,1610612749,MIL,26.0,76,76,3254.0,982,1772,0.554,,,,328,460,0.713,,,1224.0,379,,,,208,2292
27,76003,1973-74,00,1610612749,MIL,27.0,81,81,3548.0,948,1759,0.539,,,,295,420,0.702,287.0,891.0,1178.0,386,112.0,283.0,,238,2191
28,76003,1974-75,00,1610612749,MIL,28.0,65,64,2747.0,812,1584,0.513,,,,325,426,0.763,194.0,718.0,912.0,264,65.0,212.0,,205,1949
29,76003,1975-76,00,1610612747,LAL,29.0,82,82,3379.0,914,1728,0.529,,,,447,636,0.703,272.0,1111.0,1383.0,413,119.0,338.0,,292,2275
30,76003,1976-77,00,1610612747,LAL,30.0,82,82,3016.0,888,1533,0.579,,,,376,536,0.701,266.0,824.0,1090.0,319,101.0,261.0,,262,2152
31,76003,1977-78,00,1610612747,LAL,31.0,62,62,2265.0,663,1205,0.55,,,,274,350,0.783,186.0,615.0,801.0,269,103.0,185.0,208.0,182,1600
32,76003,1978-79,00,1610612747,LAL,32.0,80,80,3157.0,777,1347,0.577,,,,349,474,0.736,207.0,818.0,1025.0,431,76.0,316.0,282.0,230,1903
33,76003,1979-80,00,1610612747,LAL,33.0,82,81,3143.0,835,1383,0.604,0.0,1.0,0.0,364,476,0.765,190.0,696.0,886.0,371,81.0,280.0,297.0,216,2034
34,76003,1980-81,00,1610612747,LAL,34.0,80,80,2976.0,836,1457,0.574,0.0,1.0,0.0,423,552,0.766,197.0,624.0,821.0,272,59.0,228.0,249.0,244,2095
35,76003,1981-82,00,1610612747,LAL,35.0,76,76,2677.0,753,1301,0.579,0.0,3.0,0.0,312,442,0.706,172.0,487.0,659.0,225,63.0,207.0,230.0,224,1818
36,76003,1982-83,00,1610612747,LAL,36.0,79,79,2554.0,722,1228,0.588,0.0,2.0,0.0,278,371,0.749,167.0,425.0,592.0,200,61.0,170.0,200.0,220,1722
37,76003,1983-84,00,1610612747,LAL,37.0,80,80,2622.0,716,1238,0.578,0.0,1.0,0.0,285,394,0.723,169.0,418.0,587.0,211,55.0,143.0,221.0,211,1717
38,76003,1984-85,00,1610612747,LAL,38.0,79,79,2630.0,723,1207,0.599,0.0,1.0,0.0,289,395,0.732,162.0,460.0,622.0,249,63.0,162.0,197.0,238,1735
39,76003,1985-86,00,1610612747,LAL,39.0,79,79,2629.0,755,1338,0.564,0.0,2.0,0.0,336,439,0.765,133.0,345.0,478.0,280,67.0,130.0,203.0,248,1846
40,76003,1986-87,00,1610612747,LAL,40.0,78,78,2441.0,560,993,0.564,1.0,3.0,0.333,245,343,0.714,152.0,371.0,523.0,203,49.0,97.0,186.0,245,1366
41,76003,1987-88,00,1610612747,LAL,41.0,80,80,2308.0,480,903,0.532,0.0,1.0,0.0,205,269,0.762,118.0,360.0,478.0,135,48.0,92.0,159.0,216,1165
42,76003,1988-89,00,1610612747,LAL,42.0,74,74,1695.0,313,659,0.475,0.0,3.0,0.0,122,165,0.739,103.0,231.0,334.0,74,38.0,85.0,95.0,196,748
43,51,1990-91,00,1610612743,DEN,22.0,67,19,1505.0,417,1009,0.413,24.0,100.0,0.24,84,98,0.857,34.0,87.0,121.0,206,55.0,4.0,110.0,149,942
44,51,1991-92,00,1610612743,DEN,23.0,81,11,1538.0,356,845,0.421,31.0,94.0,0.33,94,108,0.87,22.0,92.0,114.0,192,44.0,4.0,117.0,130,837
45,51,1992-93,00,1610612743,DEN,24.0,81,81,2710.0,633,1407,0.45,70.0,197.0,0.355,217,232,0.935,51.0,174.0,225.0,344,84.0,8.0,187.0,179,1553
46,51,1993-94,00,1610612743,DEN,25.0,80,78,2617.0,588,1279,0.46,42.0,133.0,0.316,219,229,0.956,27.0,141.0,168.0,362,82.0,10.0,151.0,150,1437
47,51,1994-95,00,1610612743,DEN,26.0,73,43,2082.0,472,1005,0.47,83.0,215.0,0.386,138,156,0.885,32.0,105.0,137.0,263,77.0,9.0,119.0,126,1165
48,51,1995-96,00,1610612743,DEN,27.0,57,53,2029.0,414,955,0.434,121.0,309.0,0.392,146,157,0.93,26.0,112.0,138.0,389,64.0,3.0,115.0,117,1095
49,51,1996-97,00,1610612758,SAC,28.0,75,51,2131.0,411,924,0.445,94.0,246.0,0.382,115,136,0.846,16.0,106.0,122.0,189,56.0,6.0,119.0,174,1031
50,51,1997-98,00,1610612758,SAC,29.0,31,0,530.0,103,273,0.377,5.0,31.0,0.161,16,16,1.0,6.0,31.0,37.0,58,16.0,1.0,19.0,31,227
51,51,2000-01,00,1610612763,VAN,32.0,41,0,485.0,120,246,0.488,4.0,14.0,0.286,22,29,0.759,5.0,20.0,25.0,76,9.0,1.0,26.0,50,266
52,1505,1997-98,00,1610612758,SAC,23.0,59,16,959.0,144,357,0.403,4.0,19.0,0.211,84,125,0.672,44.0,72.0,116.0,51,35.0,13.0,65.0,81,376
53,1505,1998-99,00,1610612758,SAC,24.0,49,49,1205.0,177,407,0.435,6.0,21.0,0.286,94,136,0.691,72.0,114.0,186.0,50,50.0,16.0,70.0,121,454
54,1505,1999-00,00,1610612753,ORL,25.0,46,46,1205.0,223,515,0.433,2.0,21.0,0.095,115,151,0.762,77.0,162.0,239.0,72,53.0,16.0,87.0,116,563
55,1505,1999-00,00,1610612743,DEN,25.0,15,10,373.0,51,131,0.389,1.0,2.0,0.5,31,42,0.738,24.0,28.0,52.0,26,6.0,12.0,19.0,31,134
56,1505,1999-00,00,0,TOT,25.0,61,56,1578.0,274,646,0.424,3.0,23.0,0.13,146,193,0.756,101.0,190.0,291.0,98,59.0,28.0,106.0,147,697
57,1505,2000-01,00,1610612743,DEN,26.0,29,12,421.0,43,111,0.387,4.0,10.0,0.4,21,36,0.583,14.0,45.0,59.0,22,14.0,13.0,34.0,54,111
58,1505,2001-02,00,1610612743,DEN,27.0,20,12,419.0,55,145,0.379,1.0,2.0,0.5,24,32,0.75,39.0,39.0,78.0,22,18.0,9.0,24.0,51,135
59,1505,2001-02,00,1610612742,DAL,27.0,4,0,24.0,0,2,0.0,0.0,0.0,0.0,0,1,0.0,2.0,4.0,6.0,2,2.0,1.0,3.0,5,0
60,1505,2001-02,00,0,TOT,27.0,24,12,442.0,55,147,0.374,1.0,2.0,0.5,24,33,0.727,41.0,43.0,84.0,24,20.0,10.0,27.0,56,135
61,1505,2002-03,00,1610612742,DAL,28.0,14,0,204.0,27,58,0.466,0.0,1.0,0.0,3,6,0.5,14.0,26.0,40.0,21,6.0,3.0,7.0,26,57
62,949,1996-97,00,1610612763,VAN,20.0,80,71,2804.0,550,1214,0.453,7.0,27.0,0.259,387,519,0.746,216.0,339.0,555.0,175,79.0,79.0,225.0,199,1494
63,949,1997-98,00,1610612763,VAN,21.0,82,82,2950.0,653,1347,0.485,21.0,51.0,0.412,502,640,0.784,227.0,354.0,581.0,213,89.0,76.0,257.0,201,1829
64,949,1998-99,00,1610612763,VAN,22.0,50,50,2021.0,386,893,0.432,11.0,36.0,0.306,369,439,0.841,114.0,260.0,374.0,172,69.0,55.0,186.0,137,1152
65,949,1999-00,00,1610612763,VAN,23.0,82,82,3223.0,594,1277,0.465,29.0,96.0,0.302,446,551,0.809,218.0,607.0,825.0,271,89.0,87.0,249.0,244,1663
66,949,2000-01,00,1610612763,VAN,24.0,81,81,3241.0,604,1280,0.472,12.0,64.0,0.188,443,531,0.834,175.0,560.0,735.0,250,90.0,77.0,231.0,238,1663
67,949,2001-02,00,1610612737,ATL,25.0,77,77,2978.0,598,1297,0.461,21.0,70.0,0.3,419,523,0.801,198.0,498.0,696.0,239,98.0,81.0,250.0,214,1636
68,949,2002-03,00,1610612737,ATL,26.0,81,81,3087.0,566,1183,0.478,21.0,60.0,0.35,455,541,0.841,175.0,502.0,677.0,242,87.0,38.0,212.0,240,1608
69,949,2003-04,00,1610612737,ATL,27.0,53,53,1955.0,383,790,0.485,5.0,23.0,0.217,294,334,0.88,141.0,354.0,495.0,127,44.0,19.0,131.0,147,1065
70,949,2003-04,00,1610612757,POR,27.0,32,3,729.0,118,264,0.447,4.0,11.0,0.364,79,95,0.832,48.0,96.0,144.0,47,24.0,18.0,53.0,75,319
71,949,2003-04,00,0,TOT,27.0,85,56,2684.0,501,1054,0.475,9.0,34.0,0.265,373,429,0.869,189.0,450.0,639.0,174,68.0,37.0,184.0,222,1384
72,949,2004-05,00,1610612757,POR,28.0,54,49,1868.0,337,670,0.503,15.0,39.0,0.385,220,254,0.866,123.0,269.0,392.0,111,49.0,26.0,117.0,150,909
73,949,2005-06,00,1610612758,SAC,29.0,72,30,1961.0,332,632,0.525,5.0,22.0,0.227,218,278,0.784,106.0,251.0,357.0,149,48.0,42.0,108.0,227,887
74,949,2006-07,00,1610612758,SAC,30.0,80,45,2015.0,310,654,0.474,3.0,20.0,0.15,170,234,0.726,122.0,276.0,398.0,109,53.0,40.0,116.0,243,793
75,949,2007-08,00,1610612758,SAC,31.0,6,0,51.0,3,14,0.214,0.0,0.0,0.0,4,4,1.0,6.0,4.0,10.0,4,1.0,0.0,1.0,9,10
76,76005,1976-77,00,1610612747,LAL,23.0,70,0,1378.0,169,349,0.484,,,,101,134,0.754,113.0,178.0,291.0,98,49.0,10.0,,118,439
77,76005,1977-78,00,1610612747,LAL,24.0,73,3,1317.0,201,404,0.498,,,,91,111,0.82,105.0,160.0,265.0,101,55.0,22.0,50.0,122,493
78,76005,1978-79,00,1610612744,GOS,25.0,70,25,1219.0,176,342,0.515,,,,70,94,0.745,74.0,142.0,216.0,79,39.0,13.0,32.0,133,422
79,76005,1979-80,00,1610612744,GOS,26.0,67,12,1222.0,153,318,0.481,0.0,1.0,0.0,56,82,0.683,62.0,129.0,191.0,87,35.0,12.0,39.0,118,362
80,76005,1980-81,00,1610612744,GOS,27.0,10,0,39.0,1,3,0.333,0.0,0.0,0.0,2,3,0.667,1.0,7.0,8.0,1,1.0,0.0,2.0,5,4
81,76005,1980-81,00,1610612754,IND,27.0,29,0,259.0,24,56,0.429,0.0,1.0,0.0,11,19,0.579,19.0,21.0,40.0,18,6.0,3.0,6.0,29,59
82,76005,1980-81,00,0,TOT,27.0,39,0,298.0,25,59,0.424,0.0,1.0,0.0,13,22,0.591,20.0,28.0,48.0,19,7.0,3.0,8.0,34,63
83,76006,1956-57,00,1610612755,SYR,24.0,1,,1.0,0,2,0.0,,,,0,0,,,,1.0,1,,,,1,0
84,76007,1946-47,00,1610610031,PIT,28.0,47,,,202,834,0.242,,,,123,178,0.691,,,,35,,,,161,527
85,76007,1947-48,00,1610610034,BOM,29.0,4,,0.0,1,10,0.1,,,,2,4,0.5,,,0.0,1,,,,5,4
86,76007,1947-48,00,1610610024,BAL,29.0,5,,0.0,0,11,0.0,,,,2,3,0.667,,,0.0,1,,,,5,2
87,76007,1947-48,00,0,TOT,29.0,9,,,1,21,0.048,,,,4,7,0.571,,,,2,,,,10,6
88,203518,2016-17,00,1610612760,OKC,23.0,68,6,1055.0,134,341,0.393,94.0,247.0,0.381,44,49,0.898,18.0,68.0,86.0,40,37.0,8.0,33.0,114,406
89,203518,2017-18,00,1610612760,OKC,24.0,75,8,1134.0,115,291,0.395,84.0,221.0,0.38,39,46,0.848,26.0,88.0,114.0,28,38.0,8.0,25.0,124,353
90,203518,2018-19,00,1610612760,OKC,25.0,31,2,588.0,56,157,0.357,41.0,127.0,0.323,12,13,0.923,5.0,43.0,48.0,20,17.0,6.0,14.0,53,165
91,1630173,2020-21,00,1610612748,MIA,21.0,61,4,737.0,124,228,0.544,0.0,1.0,0.0,56,110,0.509,73.0,135.0,208.0,29,20.0,28.0,43.0,91,304
92,1630173,2021-22,00,1610612761,TOR,22.0,73,28,1725.0,265,603,0.439,56.0,156.0,0.359,78,131,0.595,146.0,327.0,473.0,82,37.0,41.0,84.0,151,664
93,1630173,2022-23,00,1610612761,TOR,23.0,55,12,1141.0,196,404,0.485,29.0,108.0,0.269,87,124,0.702,100.0,228.0,328.0,50,31.0,30.0,59.0,102,508
94,1630173,2023-24,00,1610612761,TOR,24.0,25,0,437.0,78,170,0.459,13.0,47.0,0.277,24,42,0.571,50.0,86.0,136.0,44,16.0,12.0,29.0,40,193
95,1630173,2023-24,00,1610612752,NYK,24.0,49,18,1187.0,157,299,0.525,13.0,50.0,0.26,45,70,0.643,141.0,210.0,351.0,53,30.0,56.0,54.0,103,372
96,1630173,2023-24,00,0,TOT,24.0,74,18,1624.0,235,469,0.501,26.0,97.0,0.268,69,112,0.616,191.0,296.0,487.0,97,46.0,68.0,83.0,143,565
97,1630173,2024-25,00,1610612752,NYK,25.0,28,1,543.0,74,138,0.536,7.0,18.0,0.389,17,30,0.567,53.0,105.0,158.0,29,26.0,21.0,22.0,42,172
98,101165,2005-06,00,1610612765,DET,23.0,5,0,35.0,4,16,0.25,1.0,5.0,0.2,0,0,0.0,1.0,4.0,5.0,4,1.0,0.0,4.0,4,9
99,101165,2008-09,00,1610612765,DET,26.0,7,0,20.0,4,11,0.364,0.0,4.0,0.0,1,2,0.5,0.0,2.0,2.0,1,2.0,1.0,0.0,0,9
100,101165,2008-09,00,1610612746,LAC,26.0,18,0,179.0,26,65,0.4,7.0,16.0,0.438,4,8,0.5,8.0,14.0,22.0,11,3.0,3.0,7.0,9,63
101,101165,2008-09,00,0,TOT,26.0,25,0,200.0,30,76,0.395,7.0,20.0,0.35,5,10,0.5,8.0,16.0,24.0,12,5.0,4.0,7.0,9,72
102,76008,1953-54,00,1610612752,NYK,23.0,28,,220.0,14,63,0.222,,,,15,28,0.536,,,15.0,23,,,,43,43
103,76009,1987-88,00,1610612738,BOS,25.0,79,5,1151.0,108,203,0.532,0.0,0.0,0.0,71,111,0.64,105.0,165.0,270.0,42,29.0,27.0,54.0,198,287
104,76009,1988-89,00,1610612738,BOS,26.0,62,0,632.0,55,114,0.482,1.0,1.0,1.0,26,48,0.542,59.0,87.0,146.0,19,19.0,6.0,23.0,94,137
105,76009,1989-90,00,1610612753,ORL,27.0,80,50,1691.0,138,285,0.484,3.0,4.0,0.75,83,120,0.692,154.0,277.0,431.0,67,36.0,25.0,70.0,248,362
106,76009,1990-91,00,1610612753,ORL,28.0,68,0,1313.0,109,214,0.509,1.0,3.0,0.333,66,101,0.653,140.0,219.0,359.0,25,25.0,25.0,42.0,218,285
107,76009,1991-92,00,1610612753,ORL,29.0,68,6,926.0,78,151,0.517,1.0,3.0,0.333,51,67,0.761,97.0,155.0,252.0,22,25.0,15.0,33.0,140,208
108,76009,1992-93,00,1610612745,HOU,30.0,6,0,23.0,2,9,0.222,1.0,2.0,0.5,1,2,0.5,2.0,4.0,6.0,0,0.0,0.0,2.0,2,6
109,76009,1992-93,00,1610612764,WAS,30.0,12,7,246.0,24,40,0.6,0.0,0.0,0.0,10,14,0.714,24.0,37.0,61.0,5,3.0,6.0,11.0,32,58
110,76009,1992-93,00,0,TOT,30.0,18,7,269.0,26,49,0.531,1.0,2.0,0.5,11,16,0.688,26.0,41.0,67.0,5,3.0,6.0,13.0,34,64
111,76010,1967-68,00,1610612745,SDR,26.0,23,,195.0,29,74,0.392,,,,19,29,0.655,,,47.0,11,,,,35,77
112,203112,2012-13,00,1610612761,TOR,22.0,29,0,342.0,42,75,0.56,1.0,2.0,0.5,31,38,0.816,30.0,47.0,77.0,11,13.0,15.0,17.0,53,116
113,203112,2013-14,00,1610612761,TOR,23.0,7,0,61.0,6,14,0.429,2.0,5.0,0.4,5,8,0.625,5.0,10.0,15.0,4,4.0,3.0,2.0,8,19
114,203112,2013-14,00,1610612758,SAC,23.0,56,0,786.0,60,127,0.472,2.0,10.0,0.2,30,45,0.667,67.0,134.0,201.0,24,19.0,23.0,28.0,114,152
115,203112,2013-14,00,0,TOT,23.0,63,0,848.0,66,141,0.468,4.0,15.0,0.267,35,53,0.66,72.0,144.0,216.0,28,23.0,26.0,30.0,122,171
116,203112,2014-15,00,1610612752,NYK,24.0,68,22,1287.0,152,331,0.459,18.0,60.0,0.3,76,97,0.784,79.0,222.0,301.0,68,27.0,22.0,60.0,147,398
117,203112,2015-16,00,1610612758,SAC,25.0,59,29,876.0,119,214,0.556,19.0,49.0,0.388,50,68,0.735,65.0,123.0,188.0,27,29.0,24.0,27.0,103,307
118,203112,2016-17,00,1610612742,DAL,26.0,6,0,48.0,5,17,0.294,1.0,7.0,0.143,2,3,0.667,2.0,6.0,8.0,0,0.0,0.0,2.0,9,13
119,203112,2016-17,00,1610612751,BKN,26.0,32,1,510.0,65,153,0.425,36.0,83.0,0.434,43,57,0.754,18.0,89.0,107.0,18,14.0,15.0,19.0,58,209
120,203112,2016-17,00,0,TOT,26.0,38,1,558.0,70,170,0.412,37.0,90.0,0.411,45,60,0.75,20.0,95.0,115.0,18,14.0,15.0,21.0,67,222
121,203112,2017-18,00,1610612751,BKN,27.0,70,8,1359.0,130,365,0.356,102.0,292.0,0.349,49,60,0.817,40.0,217.0,257.0,57,33.0,29.0,60.0,149,411
122,203112,2018-19,00,1610612756,PHX,28.0,10,0,123.0,4,18,0.222,2.0,15.0,0.133,7,10,0.7,3.0,22.0,25.0,8,1.0,4.0,4.0,24,17
123,76011,1975-76,00,1610612756,PHX,21.0,80,79,2656.0,629,1341,0.469,,,,261,355,0.735,215.0,512.0,727.0,450,121.0,116.0,,274,1519
124,76011,1976-77,00,1610612756,PHX,22.0,72,67,2278.0,522,1102,0.474,,,,252,334,0.754,180.0,472.0,652.0,322,95.0,87.0,,260,1296
125,76011,1977-78,00,1610612756,PHX,23.0,70,49,1914.0,434,895,0.485,,,,214,293,0.73,158.0,407.0,565.0,225,86.0,63.0,234.0,242,1082
126,76011,1978-79,00,1610612756,PHX,24.0,77,74,2364.0,569,1073,0.53,,,,231,289,0.799,220.0,485.0,705.0,360,110.0,63.0,279.0,246,1369
127,76011,1979-80,00,1610612756,PHX,25.0,75,64,2168.0,465,875,0.531,0.0,2.0,0.0,188,236,0.797,158.0,451.0,609.0,322,108.0,55.0,218.0,237,1118
128,76011,1980-81,00,1610612756,PHX,26.0,75,69,2054.0,458,870,0.526,0.0,0.0,0.0,199,259,0.768,157.0,389.0,546.0,344,106.0,69.0,226.0,226,1115
129,76011,1981-82,00,1610612756,PHX,27.0,79,75,2393.0,507,1027,0.494,0.0,1.0,0.0,182,233,0.781,138.0,448.0,586.0,356,114.0,78.0,196.0,269,1196
130,76011,1982-83,00,1610612756,PHX,28.0,80,75,2447.0,477,981,0.486,1.0,3.0,0.333,180,217,0.829,161.0,387.0,548.0,376,114.0,74.0,242.0,287,1135
131,76011,1983-84,00,1610612756,PHX,29.0,70,13,1452.0,269,582,0.462,0.0,4.0,0.0,132,160,0.825,118.0,201.0,319.0,219,73.0,31.0,117.0,195,670
132,76011,1984-85,00,1610612756,PHX,30.0,82,69,2136.0,476,915,0.52,0.0,0.0,0.0,250,283,0.883,153.0,347.0,500.0,308,115.0,48.0,197.0,254,1202
133,76011,1985-86,00,1610612756,PHX,31.0,78,45,2005.0,341,679,0.502,0.0,2.0,0.0,159,203,0.783,148.0,329.0,477.0,324,103.0,46.0,206.0,272,841
134,76011,1986-87,00,1610612756,PHX,32.0,68,40,1690.0,311,618,0.503,0.0,1.0,0.0,134,170,0.788,91.0,247.0,338.0,223,62.0,37.0,139.0,207,756
135,76011,1987-88,00,1610612756,PHX,33.0,82,25,1646.0,251,506,0.496,1.0,2.0,0.5,108,128,0.844,118.0,247.0,365.0,183,82.0,41.0,140.0,245,611
136,76012,1970-71,00,1610612745,SDR,23.0,82,,2374.0,391,957,0.409,,,,155,212,0.731,,,581.0,173,,,,344,937
137,76012,1971-72,00,1610612737,ATL,24.0,70,,2030.0,307,779,0.394,,,,204,273,0.747,,,494.0,137,,,,259,818
138,76012,1971-72,00,1610612745,HOU,24.0,3,,41.0,6,19,0.316,,,,1,2,0.5,,,8.0,3,,,,7,13
139,76012,1971-72,00,0,TOT,24.0,73,,2071.0,313,798,0.392,,,,205,275,0.745,,,502.0,140,,,,266,831
140,76012,1972-73,00,1610612737,ATL,25.0,4,,76.0,8,38,0.211,,,,7,8,0.875,,,22.0,5,,,,11,23
141,76012,1972-73,00,1610612765,DET,25.0,70,,1798.0,257,640,0.402,,,,138,176,0.784,,,419.0,112,,,,220,652
142,76012,1972-73,00,0,TOT,25.0,74,,1874.0,265,678,0.391,,,,145,184,0.788,,,441.0,117,,,,231,675
143,76012,1973-74,00,1610612765,DET,26.0,74,,2298.0,303,742,0.408,,,,153,201,0.761,133.0,315.0,448.0,141,110.0,12.0,,242,759
144,76012,1974-75,00,1610612765,DET,27.0,51,,1376.0,127,315,0.403,,,,45,78,0.577,63.0,181.0,244.0,75,69.0,20.0,,179,299
145,76012,1975-76,00,1610612746,BUF,28.0,56,,704.0,67,170,0.394,,,,40,57,0.702,38.0,107.0,145.0,73,30.0,7.0,,128,174
146,76012,1976-77,00,1610612746,BUF,29.0,77,,1710.0,216,526,0.411,,,,129,173,0.746,130.0,241.0,371.0,150,74.0,16.0,,201,561
147,200801,2006-07,00,1610612751,NJN,23.0,61,8,495.0,75,135,0.556,0.0,1.0,0.0,24,36,0.667,35.0,42.0,77.0,13,17.0,4.0,22.0,47,174
148,200801,2008-09,00,1610612761,TOR,25.0,12,0,52.0,4,13,0.308,0.0,0.0,0.0,3,6,0.5,1.0,6.0,7.0,1,1.0,1.0,4.0,4,11
149,1629121,2018-19,00,1610612737,ATL,23.0,34,1,428.0,38,110,0.345,25.0,74.0,0.338,7,9,0.778,11.0,49.0,60.0,65,14.0,5.0,28.0,45,108
150,1629121,2020-21,00,1610612749,MIL,25.0,7,0,18.0,1,8,0.125,0.0,2.0,0.0,0,0,0.0,0.0,3.0,3.0,2,0.0,0.0,0.0,1,2
151,203919,2014-15,00,1610612763,MEM,20.0,30,0,248.0,35,86,0.407,10.0,25.0,0.4,14,23,0.609,9.0,19.0,28.0,16,16.0,7.0,14.0,24,94
152,203919,2015-16,00,1610612763,MEM,21.0,2,0,15.0,2,6,0.333,0.0,1.0,0.0,3,5,0.6,0.0,2.0,2.0,3,3.0,0.0,2.0,2,7
153,149,1985-86,00,1610612758,SAC,23.0,18,0,139.0,16,44,0.364,0.0,3.0,0.0,8,12,0.667,2.0,4.0,6.0,22,9.0,1.0,11.0,9,40
154,149,1986-87,00,1610612764,WAS,24.0,63,0,1303.0,160,393,0.407,28.0,102.0,0.275,105,124,0.847,38.0,85.0,123.0,244,85.0,6.0,81.0,88,453
155,149,1987-88,00,1610612743,DEN,25.0,82,75,2778.0,416,927,0.449,139.0,379.0,0.367,166,199,0.834,40.0,183.0,223.0,503,168.0,16.0,144.0,138,1137
156,149,1988-89,00,1610612743,DEN,26.0,77,77,2787.0,468,1082,0.433,166.0,466.0,0.356,322,393,0.819,71.0,212.0,283.0,490,166.0,11.0,180.0,149,1424
157,149,1989-90,00,1610612743,DEN,27.0,79,74,2690.0,398,989,0.402,158.0,432.0,0.366,267,314,0.85,49.0,176.0,225.0,495,121.0,3.0,141.0,133,1221
158,149,1990-91,00,1610612743,DEN,28.0,66,66,2346.0,560,1421,0.394,167.0,564.0,0.296,465,529,0.879,58.0,198.0,256.0,693,147.0,6.0,240.0,162,1752
159,149,1991-92,00,1610612764,WAS,29.0,78,78,2795.0,485,1233,0.393,125.0,386.0,0.324,313,360,0.869,58.0,252.0,310.0,594,145.0,9.0,212.0,162,1408
160,149,1992-93,00,1610612764,WAS,30.0,70,70,2499.0,365,831,0.439,68.0,212.0,0.321,237,277,0.856,52.0,188.0,240.0,526,100.0,4.0,175.0,146,1035
161,149,1993-94,00,1610612764,WAS,31.0,70,67,2337.0,285,698,0.408,55.0,191.0,0.288,224,270,0.83,37.0,146.0,183.0,480,96.0,6.0,167.0,140,849
162,149,1994-95,00,1610612766,CHH,32.0,29,0,443.0,67,148,0.453,29.0,81.0,0.358,25,30,0.833,6.0,23.0,29.0,95,23.0,1.0,26.0,41,188
163,149,1995-96,00,1610612766,CHH,33.0,21,3,329.0,37,83,0.446,14.0,41.0,0.341,26,35,0.743,5.0,17.0,22.0,67,21.0,4.0,25.0,25,114
164,203500,2013-14,00,1610612760,OKC,20.0,81,20,1197.0,93,185,0.503,0.0,0.0,0.0,79,136,0.581,142.0,190.0,332.0,43,40.0,57.0,71.0,203,265
165,203500,2014-15,00,1610612760,OKC,21.0,70,67,1771.0,217,399,0.544,0.0,2.0,0.0,103,205,0.502,199.0,324.0,523.0,66,38.0,86.0,99.0,222,537
166,203500,2015-16,00,1610612760,OKC,22.0,80,80,2014.0,261,426,0.613,0.0,0.0,0.0,114,196,0.582,219.0,314.0,533.0,62,42.0,89.0,84.0,223,636
167,203500,2016-17,00,1610612760,OKC,23.0,80,80,2389.0,374,655,0.571,0.0,1.0,0.0,157,257,0.611,281.0,332.0,613.0,86,89.0,78.0,146.0,195,905
168,203500,2017-18,00,1610612760,OKC,24.0,76,76,2487.0,448,712,0.629,0.0,2.0,0.0,160,286,0.559,384.0,301.0,685.0,88,92.0,78.0,128.0,215,1056
169,203500,2018-19,00,1610612760,OKC,25.0,80,80,2669.0,481,809,0.595,0.0,2.0,0.0,146,292,0.5,391.0,369.0,760.0,124,117.0,76.0,135.0,204,1108
170,203500,2019-20,00,1610612760,OKC,26.0,63,63,1681.0,283,478,0.592,1.0,3.0,0.333,117,201,0.582,207.0,376.0,583.0,146,51.0,67.0,94.0,122,684
171,203500,2020-21,00,1610612740,NOP,27.0,58,58,1605.0,189,308,0.614,0.0,3.0,0.0,60,135,0.444,213.0,301.0,514.0,111,54.0,38.0,78.0,113,438
172,203500,2021-22,00,1610612763,MEM,28.0,76,75,1999.0,210,384,0.547,0.0,1.0,0.0,108,199,0.543,349.0,411.0,760.0,256,65.0,60.0,115.0,153,528
173,203500,2022-23,00,1610612763,MEM,29.0,42,42,1133.0,157,263,0.597,0.0,1.0,0.0,47,129,0.364,214.0,271.0,485.0,97,36.0,46.0,79.0,98,361
174,203500,2024-25,00,1610612745,HOU,31.0,33,2,400.0,46,77,0.597,0.0,0.0,0.0,28,62,0.452,84.0,83.0,167.0,37,10.0,16.0,32.0,34,120
175,912,1986-87,00,1610612756,PHX,22.0,62,12,711.0,146,331,0.441,16.0,50.0,0.32,51,64,0.797,41.0,65.0,106.0,45,27.0,7.0,54.0,75,359
176,912,1991-92,00,1610612751,NJN,27.0,76,8,1175.0,187,432,0.433,14.0,49.0,0.286,56,76,0.737,65.0,100.0,165.0,68,28.0,28.0,46.0,109,444
177,912,1992-93,00,1610612751,NJN,28.0,68,15,1164.0,182,411,0.443,7.0,34.0,0.206,57,70,0.814,45.0,87.0,132.0,53,23.0,11.0,64.0,125,428
178,912,1994-95,00,1610612765,DET,30.0,79,16,1776.0,279,586,0.476,24.0,83.0,0.289,74,99,0.747,67.0,175.0,242.0,109,53.0,25.0,76.0,236,656
179,912,1995-96,00,1610612766,CHH,31.0,53,0,516.0,77,165,0.467,0.0,9.0,0.0,17,22,0.773,25.0,65.0,90.0,30,9.0,9.0,27.0,74,171
180,912,1996-97,00,1610612766,CHH,32.0,41,3,353.0,49,122,0.402,8.0,20.0,0.4,22,28,0.786,19.0,26.0,45.0,34,8.0,3.0,17.0,52,128
181,1628389,2017-18,00,1610612748,MIA,20.0,69,19,1368.0,174,340,0.512,0.0,7.0,0.0,129,179,0.721,118.0,263.0,381.0,101,32.0,41.0,66.0,138,477
182,1628389,2018-19,00,1610612748,MIA,21.0,82,28,1913.0,280,486,0.576,3.0,15.0,0.2,166,226,0.735,165.0,432.0,597.0,184,71.0,65.0,121.0,203,729
183,1628389,2019-20,00,1610612748,MIA,22.0,72,72,2417.0,440,790,0.557,2.0,14.0,0.143,264,382,0.691,176.0,559.0,735.0,368,82.0,93.0,204.0,182,1146
184,1628389,2020-21,00,1610612748,MIA,23.0,64,64,2143.0,456,800,0.57,2.0,8.0,0.25,283,354,0.799,142.0,431.0,573.0,346,75.0,66.0,169.0,145,1197
185,1628389,2021-22,00,1610612748,MIA,24.0,56,56,1825.0,406,729,0.557,0.0,6.0,0.0,256,340,0.753,137.0,427.0,564.0,190,80.0,44.0,148.0,171,1068
186,1628389,2022-23,00,1610612748,MIA,25.0,75,75,2598.0,602,1114,0.54,1.0,12.0,0.083,324,402,0.806,184.0,504.0,688.0,240,88.0,61.0,187.0,208,1529
187,1628389,2023-24,00,1610612748,MIA,26.0,71,71,2416.0,530,1017,0.521,15.0,42.0,0.357,292,387,0.755,159.0,578.0,737.0,278,81.0,66.0,162.0,159,1367
188,1628389,2024-25,00,1610612748,MIA,27.0,46,46,1559.0,288,617,0.467,33.0,115.0,0.287,137,187,0.733,113.0,346.0,459.0,212,62.0,37.0,100.0,99,746
189,1629061,2018-19,00,1610612739,CLE,22.0,19,3,194.0,11,36,0.306,6.0,23.0,0.261,4,4,1.0,3.0,16.0,19.0,5,1.0,4.0,6.0,13,32
190,76015,1968-69,00,1610612745,SDR,23.0,77,,1448.0,177,449,0.394,,,,131,204,0.642,,,216.0,238,,,,158,485
191,76015,1969-70,00,1610612745,SDR,24.0,35,,717.0,96,247,0.389,,,,68,91,0.747,,,81.0,113,,,,90,260
192,76015,1970-71,00,1610612757,POR,25.0,81,,2303.0,378,895,0.422,,,,267,369,0.724,,,282.0,380,,,,214,1023
193,76015,1971-72,00,1610612757,POR,26.0,80,,2445.0,329,753,0.437,,,,151,201,0.751,,,229.0,413,,,,209,809
194,76015,1972-73,00,1610612757,POR,27.0,76,,1822.0,214,525,0.408,,,,73,102,0.716,,,157.0,294,,,,155,501
195,76015,1973-74,00,1610612741,CHI,28.0,55,,618.0,64,170,0.376,,,,54,76,0.711,16.0,53.0,69.0,56,36.0,1.0,,63,182
196,76015,1974-75,00,1610612741,CHI,29.0,12,,340.0,43,104,0.413,,,,28,39,0.718,6.0,20.0,26.0,35,16.0,1.0,,31,114
197,76015,1974-75,00,1610612762,NOJ,29.0,28,,613.0,67,159,0.421,,,,41,59,0.695,13.0,42.0,55.0,69,47.0,6.0,,58,175
198,76015,1974-75,00,1610612758,KCK,29.0,18,,121.0,13,28,0.464,,,,4,5,0.8,6.0,8.0,14.0,8,7.0,1.0,,12,30
199,76015,1974-75,00,0,TOT,29.0,58,,1074.0,123,291,0.423,,,,73,103,0.709,25.0,70.0,95.0,112,70.0,8.0,,101,319
200,202399,2010-11,00,1610612744,GSW,25.0,23,0,196.0,23,54,0.426,0.0,0.0,0.0,11,19,0.579,23.0,35.0,58.0,10,4.0,5.0,9.0,28,57
201,202399,2011-12,00,1610612745,HOU,26.0,8,0,63.0,7,16,0.438,0.0,0.0,0.0,7,12,0.583,5.0,17.0,22.0,1,0.0,2.0,2.0,13,21
202,202399,2012-13,00,1610612766,CHA,27.0,52,5,713.0,72,168,0.429,0.0,2.0,0.0,65,100,0.65,68.0,128.0,196.0,36,18.0,27.0,32.0,80,209
203,202399,2013-14,00,1610612766,CHA,28.0,25,0,256.0,22,40,0.55,0.0,0.0,0.0,13,25,0.52,33.0,55.0,88.0,7,7.0,15.0,8.0,35,57
204,202399,2013-14,00,1610612749,MIL,28.0,28,12,705.0,121,235,0.515,0.0,0.0,0.0,63,94,0.67,69.0,149.0,218.0,31,17.0,21.0,31.0,73,305
205,202399,2013-14,00,0,TOT,28.0,53,12,962.0,143,275,0.52,0.0,0.0,0.0,76,119,0.639,102.0,204.0,306.0,38,24.0,36.0,39.0,108,362
206,202399,2014-15,00,1610612750,MIN,29.0,17,0,215.0,19,44,0.432,0.0,0.0,0.0,22,38,0.579,23.0,54.0,77.0,15,4.0,9.0,9.0,30,60
207,201167,2007-08,00,1610612765,DET,22.0,75,9,970.0,99,241,0.411,10.0,48.0,0.208,68,87,0.782,36.0,101.0,137.0,52,31.0,8.0,34.0,83,276
208,201167,2008-09,00,1610612765,DET,23.0,74,8,1234.0,131,300,0.437,43.0,107.0,0.402,58,71,0.817,30.0,104.0,134.0,44,28.0,13.0,43.0,144,363
209,201167,2009-10,00,1610612743,DEN,24.0,82,75,2221.0,272,585,0.465,108.0,249.0,0.434,72,98,0.735,59.0,193.0,252.0,138,46.0,30.0,74.0,225,724
210,201167,2010-11,00,1610612743,DEN,25.0,69,69,2324.0,312,627,0.498,105.0,248.0,0.423,138,163,0.847,45.0,206.0,251.0,168,34.0,31.0,71.0,153,867
211,201167,2011-12,00,1610612743,DEN,26.0,62,62,2086.0,329,699,0.471,88.0,221.0,0.398,197,247,0.798,40.0,157.0,197.0,149,36.0,13.0,85.0,134,943
212,201167,2012-13,00,1610612753,ORL,27.0,64,64,2307.0,397,905,0.439,72.0,240.0,0.3,191,223,0.857,29.0,210.0,239.0,206,40.0,11.0,138.0,137,1057
213,201167,2013-14,00,1610612753,ORL,28.0,73,73,2552.0,464,1011,0.459,128.0,300.0,0.427,274,336,0.815,32.0,230.0,262.0,248,35.0,3.0,146.0,136,1330
214,201167,2014-15,00,1610612743,DEN,29.0,53,53,1750.0,281,657,0.428,82.0,243.0,0.337,127,151,0.841,21.0,159.0,180.0,101,32.0,5.0,83.0,108,771
215,201167,2014-15,00,1610612757,POR,29.0,25,19,752.0,94,227,0.414,36.0,90.0,0.4,40,47,0.851,6.0,61.0,67.0,28,9.0,2.0,33.0,59,264
216,201167,2014-15,00,0,TOT,29.0,78,72,2502.0,375,884,0.424,118.0,333.0,0.354,167,198,0.843,27.0,220.0,247.0,129,41.0,7.0,116.0,167,1035
217,201167,2015-16,00,1610612752,NYK,30.0,71,57,2371.0,354,799,0.443,91.0,238.0,0.382,110,131,0.84,23.0,243.0,266.0,144,25.0,10.0,82.0,142,909
218,201167,2016-17,00,1610612758,SAC,31.0,61,45,1580.0,185,420,0.44,62.0,151.0,0.411,83,93,0.892,9.0,116.0,125.0,78,21.0,6.0,42.0,104,515
219,201167,2017-18,00,1610612753,ORL,32.0,53,3,682.0,65,162,0.401,27.0,70.0,0.386,22,26,0.846,4.0,62.0,66.0,30,4.0,9.0,21.0,56,179
220,1630534,2022-23,00,1610612762,UTA,23.0,59,22,1209.0,165,386,0.427,81.0,228.0,0.355,56,69,0.812,43.0,78.0,121.0,67,16.0,15.0,41.0,99,467
221,1630534,2023-24,00,1610612762,UTA,24.0,51,10,1003.0,106,249,0.426,47.0,142.0,0.331,15,20,0.75,35.0,91.0,126.0,47,27.0,29.0,34.0,66,274
222,1630534,2023-24,00,1610612761,TOR,24.0,27,18,638.0,72,184,0.391,15.0,69.0,0.217,22,36,0.611,39.0,51.0,90.0,36,20.0,15.0,30.0,51,181
223,1630534,2023-24,00,0,TOT,24.0,78,28,1642.0,178,433,0.411,62.0,211.0,0.294,37,56,0.661,74.0,142.0,216.0,83,47.0,44.0,64.0,117,455
224,1630534,2024-25,00,1610612761,TOR,24.0,43,34,1205.0,179,350,0.511,67.0,167.0,0.401,20,30,0.667,36.0,122.0,158.0,72,36.0,26.0,34.0,85,445
225,200772,2006-07,00,1610612742,DAL,23.0,32,1,214.0,22,70,0.314,5.0,15.0,0.333,20,33,0.606,1.0,20.0,21.0,7,4.0,3.0,15.0,27,69
226,200772,2007-08,00,1610612742,DAL,24.0,12,3,77.0,5,27,0.185,0.0,8.0,0.0,5,6,0.833,1.0,3.0,4.0,4,0.0,1.0,3.0,11,15
227,200772,2007-08,00,1610612751,NJN,24.0,14,0,88.0,16,38,0.421,3.0,11.0,0.273,1,6,0.167,3.0,6.0,9.0,4,0.0,0.0,3.0,6,36
228,200772,2007-08,00,0,TOT,24.0,26,3,165.0,21,65,0.323,3.0,19.0,0.158,6,12,0.5,4.0,9.0,13.0,8,0.0,1.0,6.0,17,51
229,200772,2008-09,00,1610612751,NJN,25.0,20,0,97.0,15,43,0.349,0.0,6.0,0.0,4,8,0.5,3.0,7.0,10.0,3,1.0,2.0,4.0,17,34
230,200772,2010-11,00,1610612750,MIN,27.0,4,0,29.0,6,11,0.545,3.0,4.0,0.75,0,0,0.0,0.0,2.0,2.0,1,1.0,0.0,4.0,4,15
231,76016,1981-82,00,1610612742,DAL,22.0,51,20,1468.0,381,820,0.465,25.0,71.0,0.352,168,247,0.68,89.0,160.0,249.0,164,37.0,22.0,135.0,152,955
232,76016,1982-83,00,1610612742,DAL,23.0,81,75,2784.0,767,1589,0.483,16.0,76.0,0.211,429,589,0.728,191.0,317.0,508.0,332,80.0,26.0,261.0,247,1979
233,76016,1983-84,00,1610612742,DAL,24.0,79,79,2900.0,925,1765,0.524,15.0,56.0,0.268,465,621,0.749,161.0,308.0,469.0,358,80.0,22.0,285.0,246,2330
234,76016,1984-85,00,1610612742,DAL,25.0,80,79,2699.0,794,1569,0.506,27.0,85.0,0.318,440,580,0.759,188.0,289.0,477.0,249,60.0,24.0,253.0,250,2055
235,76016,1985-86,00,1610612742,DAL,26.0,74,73,2501.0,668,1327,0.503,16.0,56.0,0.286,318,451,0.705,177.0,268.0,445.0,339,62.0,14.0,252.0,229,1670
236,76016,1986-87,00,1610612742,DAL,27.0,80,80,2663.0,787,1590,0.495,53.0,150.0,0.353,429,557,0.77,181.0,246.0,427.0,254,84.0,30.0,217.0,243,2056
237,76016,1987-88,00,1610612742,DAL,28.0,77,77,2610.0,746,1571,0.475,52.0,172.0,0.302,388,504,0.77,182.0,252.0,434.0,278,70.0,57.0,203.0,223,1932
238,76016,1988-89,00,1610612742,DAL,29.0,44,44,1529.0,373,829,0.45,29.0,99.0,0.293,178,244,0.73,90.0,145.0,235.0,189,29.0,29.0,140.0,128,953
239,76016,1988-89,00,1610612765,DET,29.0,36,32,1068.0,213,441,0.483,22.0,75.0,0.293,110,149,0.738,56.0,95.0,151.0,89,16.0,7.0,68.0,101,558
240,76016,1988-89,00,0,TOT,29.0,80,76,2597.0,586,1270,0.461,51.0,174.0,0.293,288,393,0.733,146.0,240.0,386.0,278,45.0,36.0,208.0,229,1511
241,76016,1989-90,00,1610612765,DET,30.0,78,40,2005.0,438,898,0.488,31.0,93.0,0.333,192,254,0.756,117.0,188.0,305.0,145,34.0,19.0,121.0,201,1099
242,76016,1990-91,00,1610612765,DET,31.0,78,13,2006.0,420,909,0.462,24.0,78.0,0.308,240,317,0.757,134.0,240.0,374.0,139,47.0,20.0,128.0,209,1104
243,76016,1991-92,00,1610612765,DET,32.0,75,12,1582.0,339,787,0.431,15.0,71.0,0.211,158,230,0.687,67.0,169.0,236.0,126,51.0,11.0,105.0,171,851
244,76016,1992-93,00,1610612765,DET,33.0,51,15,1056.0,187,422,0.443,30.0,83.0,0.361,99,129,0.767,43.0,109.0,152.0,105,16.0,7.0,68.0,101,503
245,76016,1993-94,00,1610612746,LAC,34.0,39,0,859.0,163,348,0.468,37.0,93.0,0.398,50,72,0.694,28.0,88.0,116.0,104,21.0,8.0,70.0,98,413
246,201336,2007-08,00,1610612748,MIA,24.0,12,0,177.0,15,57,0.263,10.0,34.0,0.294,30,31,0.968,1.0,18.0,19.0,19,6.0,0.0,16.0,20,70
247,201336,2008-09,00,1610612759,SAS,25.0,3,0,19.0,2,6,0.333,2.0,4.0,0.5,2,2,1.0,0.0,1.0,1.0,2,1.0,0.0,1.0,3,8
248,201336,2011-12,00,1610612762,UTA,28.0,4,0,30.0,4,14,0.286,2.0,9.0,0.222,0,0,0.0,0.0,2.0,2.0,1,0.0,0.0,5.0,4,10
249,76017,1981-82,00,1610612738,BOS,23.0,53,1,564.0,79,221,0.357,5.0,17.0,0.294,56,65,0.862,25.0,31.0,56.0,87,37.0,3.0,53.0,86,219
250,76017,1982-83,00,1610612738,BOS,24.0,80,76,2048.0,357,720,0.496,5.0,29.0,0.172,72,97,0.742,83.0,131.0,214.0,251,109.0,6.0,98.0,259,791
251,76017,1983-84,00,1610612738,BOS,25.0,71,3,1154.0,166,361,0.46,6.0,22.0,0.273,46,56,0.821,29.0,87.0,116.0,162,41.0,4.0,70.0,143,384
252,76017,1984-85,00,1610612738,BOS,26.0,75,73,2564.0,419,792,0.529,15.0,56.0,0.268,118,136,0.868,76.0,192.0,268.0,399,122.0,6.0,149.0,228,971
253,76017,1985-86,00,1610612738,BOS,27.0,80,78,2407.0,353,701,0.504,26.0,73.0,0.356,123,136,0.904,47.0,188.0,235.0,405,94.0,7.0,129.0,204,855
254,76017,1986-87,00,1610612738,BOS,28.0,71,66,2499.0,410,844,0.486,85.0,192.0,0.443,148,165,0.897,49.0,193.0,242.0,400,101.0,14.0,141.0,189,1053
255,76017,1987-88,00,1610612738,BOS,29.0,81,81,3018.0,482,982,0.491,148.0,357.0,0.415,158,180,0.878,59.0,190.0,249.0,503,115.0,17.0,153.0,203,1270
256,76017,1988-89,00,1610612738,BOS,30.0,45,28,1349.0,271,589,0.46,58.0,155.0,0.374,114,128,0.891,37.0,117.0,154.0,215,52.0,1.0,82.0,108,714
257,76017,1988-89,00,1610612758,SAC,30.0,28,26,1028.0,209,462,0.452,58.0,150.0,0.387,91,112,0.813,34.0,67.0,101.0,187,41.0,7.0,63.0,78,567
258,76017,1988-89,00,0,TOT,30.0,73,54,2377.0,480,1051,0.457,116.0,305.0,0.38,205,240,0.854,71.0,184.0,255.0,402,93.0,8.0,145.0,186,1281
259,76017,1989-90,00,1610612758,SAC,31.0,75,68,2727.0,506,1154,0.438,108.0,289.0,0.374,222,267,0.831,69.0,257.0,326.0,453,113.0,18.0,185.0,238,1342
260,76017,1990-91,00,1610612757,POR,32.0,80,0,1710.0,337,714,0.472,102.0,251.0,0.406,114,138,0.826,45.0,160.0,205.0,285,63.0,13.0,100.0,195,890
261,76017,1991-92,00,1610612757,POR,33.0,81,6,1595.0,299,676,0.442,78.0,230.0,0.339,108,131,0.824,40.0,108.0,148.0,202,73.0,13.0,70.0,148,784
262,76017,1992-93,00,1610612756,PHX,34.0,80,0,2163.0,337,730,0.462,150.0,372.0,0.403,123,145,0.848,49.0,165.0,214.0,260,69.0,8.0,113.0,175,947
263,76017,1993-94,00,1610612756,PHX,35.0,68,1,1555.0,224,537,0.417,80.0,244.0,0.328,78,94,0.83,28.0,103.0,131.0,180,57.0,8.0,81.0,140,606
264,76017,1994-95,00,1610612756,PHX,36.0,74,1,1374.0,194,422,0.46,78.0,214.0,0.364,105,130,0.808,25.0,84.0,109.0,210,46.0,7.0,79.0,155,571
265,201582,2008-09,00,1610612766,CHA,21.0,31,4,182.0,25,69,0.362,0.0,2.0,0.0,20,28,0.714,9.0,21.0,30.0,3,7.0,6.0,12.0,34,70
266,201582,2009-10,00,1610612766,CHA,22.0,6,0,30.0,5,10,0.5,0.0,0.0,0.0,0,1,0.0,1.0,3.0,4.0,0,1.0,1.0,2.0,5,10
267,201582,2010-11,00,1610612742,DAL,23.0,10,2,75.0,12,32,0.375,3.0,7.0,0.429,2,3,0.667,5.0,12.0,17.0,2,3.0,5.0,1.0,13,29
268,201582,2010-11,00,1610612761,TOR,23.0,24,0,265.0,47,101,0.465,9.0,27.0,0.333,11,15,0.733,12.0,49.0,61.0,8,8.0,14.0,17.0,60,114
269,201582,2010-11,00,0,TOT,23.0,34,2,340.0,59,133,0.444,12.0,34.0,0.353,13,18,0.722,17.0,61.0,78.0,10,11.0,19.0,18.0,73,143
270,201582,2013-14,00,1610612740,NOP,26.0,56,30,951.0,136,249,0.546,0.0,1.0,0.0,56,67,0.836,94.0,183.0,277.0,40,23.0,46.0,63.0,187,328
271,201582,2014-15,00,1610612740,NOP,27.0,68,8,957.0,181,329,0.55,0.0,0.0,0.0,81,99,0.818,104.0,211.0,315.0,47,21.0,51.0,69.0,151,443
272,201582,2015-16,00,1610612740,NOP,28.0,59,17,861.0,150,315,0.476,0.0,1.0,0.0,52,62,0.839,75.0,194.0,269.0,31,19.0,36.0,54.0,134,352
273,201582,2016-17,00,1610612740,NOP,29.0,39,15,584.0,89,178,0.5,0.0,4.0,0.0,29,40,0.725,46.0,131.0,177.0,12,20.0,22.0,31.0,77,207
274,76018,1966-67,00,1610612752,NYK,22.0,50,,453.0,83,230,0.361,,,,26,37,0.703,,,120.0,25,,,,82,192
275,76018,1967-68,00,1610612760,SEA,23.0,36,,259.0,46,137,0.336,,,,20,31,0.645,,,57.0,14,,,,48,112
276,203006,2012-13,00,1610612742,DAL,27.0,3,0,9.0,2,4,0.5,1.0,2.0,0.5,0,0,0.0,0.0,1.0,1.0,1,0.0,0.0,0.0,3,5
277,1629152,2018-19,00,1610612743,DEN,26.0,7,0,22.0,3,10,0.3,0.0,4.0,0.0,1,2,0.5,1.0,3.0,4.0,6,2.0,0.0,2.0,4,7
278,202374,2010-11,00,1610612761,TOR,23.0,12,0,59.0,3,15,0.2,0.0,0.0,0.0,0,2,0.0,7.0,7.0,14.0,2,2.0,2.0,3.0,5,6
279,202374,2011-12,00,1610612761,TOR,24.0,14,0,122.0,13,36,0.361,0.0,0.0,0.0,7,8,0.875,15.0,32.0,47.0,3,2.0,9.0,5.0,11,33
280,76019,1986-87,00,1610612743,DEN,23.0,64,25,1110.0,217,443,0.49,2.0,9.0,0.222,67,101,0.663,73.0,141.0,214.0,74,22.0,28.0,56.0,138,503
281,76019,1987-88,00,1610612764,WAS,24.0,63,0,769.0,144,300,0.48,4.0,18.0,0.222,35,49,0.714,70.0,90.0,160.0,39,10.0,12.0,50.0,107,327
282,76019,1988-89,00,1610612764,WAS,25.0,74,5,1141.0,206,431,0.478,13.0,38.0,0.342,73,87,0.839,103.0,152.0,255.0,63,25.0,22.0,62.0,160,498
283,76019,1989-90,00,1610612764,WAS,26.0,82,10,1893.0,371,785,0.473,10.0,49.0,0.204,108,133,0.812,151.0,223.0,374.0,142,60.0,39.0,101.0,219,860
284,76019,1990-91,00,1610612764,WAS,27.0,42,1,587.0,99,225,0.44,5.0,21.0,0.238,41,48,0.854,41.0,76.0,117.0,45,15.0,8.0,40.0,88,244
285,76020,1959-60,00,1610612765,DET,23.0,58,,670.0,91,312,0.292,,,,48,84,0.571,,,279.0,22,,,,123,230
286,76020,1960-61,00,1610612747,LAL,24.0,20,,174.0,12,40,0.3,,,,7,8,0.875,,,50.0,2,,,,47,31
287,1630583,2021-22,00,1610612763,MEM,21.0,32,0,360.0,53,132,0.402,6.0,48.0,0.125,20,32,0.625,33.0,54.0,87.0,21,6.0,10.0,16.0,36,132
288,1630583,2022-23,00,1610612763,MEM,22.0,77,20,1682.0,247,525,0.47,94.0,266.0,0.353,108,144,0.75,85.0,286.0,371.0,97,45.0,48.0,60.0,143,696
289,1630583,2023-24,00,1610612763,MEM,23.0,61,35,1618.0,247,568,0.435,106.0,304.0,0.349,54,87,0.621,72.0,280.0,352.0,138,43.0,54.0,69.0,89,654
290,1630583,2024-25,00,1610612763,MEM,24.0,41,11,1018.0,209,423,0.494,71.0,194.0,0.366,43,60,0.717,65.0,215.0,280.0,106,34.0,23.0,46.0,40,532
291,203128,2014-15,00,1610612755,PHI,23.0,41,9,540.0,40,78,0.513,0.0,5.0,0.0,13,27,0.481,78.0,98.0,176.0,28,17.0,16.0,17.0,96,93
292,202332,2010-11,00,1610612760,OKC,22.0,18,0,142.0,8,15,0.533,0.0,0.0,0.0,2,4,0.5,13.0,22.0,35.0,4,5.0,7.0,8.0,30,18
293,202332,2011-12,00,1610612760,OKC,23.0,26,0,173.0,22,42,0.524,0.0,0.0,0.0,13,14,0.929,13.0,35.0,48.0,3,8.0,16.0,9.0,22,57
294,202332,2012-13,00,1610612745,HOU,24.0,30,0,213.0,23,43,0.535,0.0,0.0,0.0,4,9,0.444,12.0,45.0,57.0,6,3.0,9.0,14.0,41,50
295,202332,2012-13,00,1610612758,SAC,24.0,15,0,175.0,21,37,0.568,0.0,0.0,0.0,8,11,0.727,18.0,45.0,63.0,3,2.0,14.0,9.0,19,50
296,202332,2012-13,00,0,TOT,24.0,45,0,388.0,44,80,0.55,0.0,0.0,0.0,12,20,0.6,30.0,90.0,120.0,9,5.0,23.0,23.0,60,100
297,202332,2013-14,00,1610612752,NYK,25.0,46,2,330.0,33,61,0.541,0.0,0.0,0.0,26,30,0.867,37.0,92.0,129.0,14,8.0,30.0,18.0,40,92
298,202332,2014-15,00,1610612752,NYK,26.0,61,16,976.0,144,301,0.478,0.0,0.0,0.0,50,64,0.781,101.0,237.0,338.0,75,37.0,65.0,59.0,122,338
299,202332,2015-16,00,1610612746,LAC,27.0,60,5,800.0,134,225,0.596,0.0,0.0,0.0,60,84,0.714,86.0,202.0,288.0,50,47.0,68.0,64.0,139,328
300,202332,2016-17,00,1610612750,MIN,28.0,62,0,531.0,45,86,0.523,0.0,0.0,0.0,15,22,0.682,51.0,107.0,158.0,25,25.0,23.0,17.0,85,105
301,202332,2017-18,00,1610612750,MIN,29.0,21,0,49.0,5,15,0.333,0.0,0.0,0.0,2,6,0.333,3.0,12.0,15.0,3,2.0,1.0,1.0,11,12
302,200746,2006-07,00,1610612757,POR,21.0,63,22,1392.0,241,479,0.503,0.0,2.0,0.0,83,115,0.722,144.0,168.0,312.0,24,22.0,73.0,43.0,186,565
303,200746,2007-08,00,1610612757,POR,22.0,76,76,2649.0,561,1160,0.484,1.0,7.0,0.143,227,298,0.762,220.0,358.0,578.0,122,55.0,94.0,126.0,240,1350
304,200746,2008-09,00,1610612757,POR,23.0,81,81,3004.0,601,1243,0.484,7.0,28.0,0.25,261,334,0.781,234.0,371.0,605.0,157,77.0,77.0,121.0,207,1470
305,200746,2009-10,00,1610612757,POR,24.0,78,78,2922.0,579,1169,0.495,5.0,16.0,0.313,230,304,0.757,192.0,435.0,627.0,160,67.0,48.0,104.0,231,1393
306,200746,2010-11,00,1610612757,POR,25.0,81,81,3211.0,707,1415,0.5,4.0,23.0,0.174,351,444,0.791,278.0,431.0,709.0,170,82.0,94.0,153.0,220,1769
307,200746,2011-12,00,1610612757,POR,26.0,55,55,1994.0,483,943,0.512,2.0,11.0,0.182,223,274,0.814,150.0,292.0,442.0,134,51.0,45.0,111.0,153,1191
308,200746,2012-13,00,1610612757,POR,27.0,74,74,2790.0,638,1318,0.484,2.0,14.0,0.143,282,348,0.81,175.0,495.0,670.0,192,62.0,91.0,143.0,187,1560
309,200746,2013-14,00,1610612757,POR,28.0,69,69,2499.0,652,1423,0.458,3.0,15.0,0.2,296,360,0.822,166.0,599.0,765.0,178,63.0,68.0,123.0,147,1603
310,200746,2014-15,00,1610612757,POR,29.0,71,71,2512.0,659,1415,0.466,37.0,105.0,0.352,306,362,0.845,177.0,549.0,726.0,124,48.0,68.0,122.0,125,1661
311,200746,2015-16,00,1610612759,SAS,30.0,74,74,2261.0,536,1045,0.513,0.0,16.0,0.0,259,302,0.858,176.0,456.0,632.0,110,38.0,81.0,99.0,151,1331
312,200746,2016-17,00,1610612759,SAS,31.0,72,72,2335.0,500,1049,0.477,23.0,56.0,0.411,220,271,0.812,172.0,351.0,523.0,139,46.0,88.0,98.0,158,1243
313,200746,2017-18,00,1610612759,SAS,32.0,75,75,2509.0,687,1347,0.51,27.0,92.0,0.293,334,399,0.837,246.0,389.0,635.0,152,43.0,90.0,111.0,161,1735
314,200746,2018-19,00,1610612759,SAS,33.0,81,81,2687.0,684,1319,0.519,10.0,42.0,0.238,349,412,0.847,251.0,493.0,744.0,194,43.0,107.0,144.0,179,1727
315,200746,2019-20,00,1610612759,SAS,34.0,53,53,1754.0,391,793,0.493,61.0,157.0,0.389,158,191,0.827,103.0,289.0,392.0,129,36.0,87.0,74.0,128,1001
316,200746,2020-21,00,1610612759,SAS,35.0,21,18,544.0,115,248,0.464,27.0,75.0,0.36,31,37,0.838,17.0,77.0,94.0,36,8.0,18.0,20.0,36,288
317,200746,2020-21,00,1610612751,BKN,35.0,5,5,130.0,25,48,0.521,4.0,5.0,0.8,10,10,1.0,2.0,22.0,24.0,13,3.0,11.0,7.0,11,64
318,200746,2020-21,00,0,TOT,35.0,26,23,674.0,140,296,0.473,31.0,80.0,0.388,41,47,0.872,19.0,99.0,118.0,49,11.0,29.0,27.0,47,352
319,200746,2021-22,00,1610612751,BKN,36.0,47,12,1050.0,252,458,0.55,14.0,46.0,0.304,89,102,0.873,73.0,185.0,258.0,42,14.0,47.0,44.0,78,607
320,76021,1984-85,00,1610612744,GOS,26.0,74,4,1114.0,161,337,0.478,0.0,1.0,0.0,55,75,0.733,87.0,183.0,270.0,36,15.0,15.0,72.0,171,377
321,1626146,2015-16,00,1610612757,POR,20.0,8,0,36.0,5,10,0.5,0.0,0.0,0.0,0,0,0.0,2.0,4.0,6.0,0,1.0,2.0,1.0,1,10
322,724,1995-96,00,1610612759,SAN,23.0,60,0,560.0,63,155,0.406,26.0,66.0,0.394,16,25,0.64,9.0,33.0,42.0,121,27.0,2.0,68.0,94,168
323,724,1996-97,00,1610612759,SAS,24.0,80,6,1451.0,194,490,0.396,94.0,252.0,0.373,95,129,0.736,29.0,94.0,123.0,254,82.0,16.0,146.0,148,577
324,724,1997-98,00,1610612759,SAS,25.0,37,3,501.0,60,145,0.414,20.0,64.0,0.313,25,37,0.676,7.0,40.0,47.0,71,25.0,5.0,47.0,53,165
325,724,1997-98,00,1610612743,DEN,25.0,23,19,797.0,111,255,0.435,46.0,112.0,0.411,55,65,0.846,10.0,89.0,99.0,138,45.0,6.0,65.0,45,323
326,724,1997-98,00,0,TOT,25.0,60,22,1298.0,171,400,0.428,66.0,176.0,0.375,80,102,0.784,17.0,129.0,146.0,209,70.0,11.0,112.0,98,488
327,724,1998-99,00,1610612743,DEN,26.0,36,4,778.0,97,260,0.373,30.0,105.0,0.286,37,44,0.841,7.0,67.0,74.0,119,35.0,5.0,69.0,77,261
328,724,1999-00,00,1610612743,DEN,27.0,29,2,329.0,28,98,0.286,9.0,35.0,0.257,17,22,0.773,8.0,34.0,42.0,58,24.0,2.0,28.0,39,82
329,724,2000-01,00,1610612753,ORL,28.0,26,0,223.0,18,56,0.321,4.0,16.0,0.25,12,18,0.667,0.0,25.0,25.0,36,16.0,0.0,25.0,29,52
330,724,2004-05,00,1610612766,CHA,32.0,16,1,201.0,16,49,0.327,8.0,19.0,0.421,9,12,0.75,8.0,21.0,29.0,37,9.0,1.0,19.0,29,49
331,2042,2000-01,00,1610612742,DAL,24.0,38,6,472.0,62,178,0.348,3.0,10.0,0.3,33,45,0.733,20.0,43.0,63.0,21,16.0,3.0,21.0,76,160
332,2042,2000-01,00,1610612764,WAS,24.0,27,18,910.0,177,395,0.448,14.0,36.0,0.389,90,105,0.857,22.0,58.0,80.0,41,29.0,2.0,54.0,63,458
333,2042,2000-01,00,0,TOT,24.0,65,24,472.0,239,573,0.417,17.0,46.0,0.37,123,150,0.82,42.0,101.0,143.0,62,45.0,5.0,75.0,139,618
334,2042,2001-02,00,1610612764,WAS,25.0,56,28,1325.0,223,474,0.47,5.0,18.0,0.278,98,121,0.81,43.0,105.0,148.0,86,35.0,7.0,60.0,113,549
335,2042,2002-03,00,1610612740,NOH,26.0,66,7,1360.0,193,505,0.382,19.0,57.0,0.333,118,146,0.808,39.0,79.0,118.0,79,31.0,6.0,68.0,125,523
336,76022,1993-94,00,1610612748,MIA,24.0,4,0,12.0,1,2,0.5,0.0,0.0,0.0,0,2,0.0,1.0,2.0,3.0,1,0.0,0.0,1.0,3,2
337,76022,1993-94,00,1610612739,CLE,24.0,7,0,43.0,7,12,0.583,0.0,0.0,0.0,3,7,0.429,6.0,6.0,12.0,1,3.0,0.0,7.0,7,17
338,76022,1993-94,00,0,TOT,24.0,11,0,55.0,8,14,0.571,0.0,0.0,0.0,3,9,0.333,7.0,8.0,15.0,2,3.0,0.0,8.0,10,19
339,201570,2008-09,00,1610612749,MIL,22.0,59,0,716.0,102,245,0.416,16.0,46.0,0.348,58,83,0.699,44.0,71.0,115.0,42,15.0,29.0,52.0,107,278
340,201570,2009-10,00,1610612741,CHI,23.0,8,0,29.0,1,6,0.167,0.0,1.0,0.0,2,3,0.667,2.0,3.0,5.0,2,1.0,1.0,0.0,9,4
341,1629734,2019-20,00,1610612748,MIA,23.0,2,0,13.0,1,2,0.5,0.0,0.0,0.0,0,0,0.0,2.0,1.0,3.0,0,0.0,0.0,1.0,1,2
342,1641725,2024-25,00,1610612743,DEN,21.0,14,0,62.0,4,18,0.222,2.0,9.0,0.222,2,2,1.0,0.0,4.0,4.0,6,1.0,1.0,1.0,5,12
343,1630234,2020-21,00,1610612756,PHX,22.0,15,0,47.0,3,12,0.25,2.0,9.0,0.222,1,2,0.5,2.0,8.0,10.0,6,0.0,1.0,3.0,2,9
344,2349,1991-92,00,1610612744,GOS,22.0,80,28,1350.0,243,459,0.529,0.0,1.0,0.0,103,149,0.691,106.0,230.0,336.0,32,45.0,62.0,91.0,176,589
345,2349,1992-93,00,1610612744,GOS,23.0,72,59,1753.0,344,667,0.516,10.0,22.0,0.455,111,162,0.685,132.0,288.0,420.0,93,34.0,53.0,120.0,218,809
346,2349,1993-94,00,1610612744,GOS,24.0,69,39,1318.0,266,502,0.53,2.0,13.0,0.154,68,129,0.527,114.0,194.0,308.0,66,28.0,32.0,86.0,168,602
347,2349,1994-95,00,1610612744,GOS,25.0,50,29,1237.0,230,447,0.515,6.0,25.0,0.24,36,60,0.6,87.0,204.0,291.0,60,28.0,29.0,76.0,145,502
348,2349,2001-02,00,1610612765,DET,32.0,15,0,97.0,18,51,0.353,0.0,2.0,0.0,4,8,0.5,7.0,22.0,29.0,6,0.0,1.0,5.0,6,40
349,1629638,2019-20,00,1610612740,NOP,21.0,47,1,591.0,98,266,0.368,46.0,133.0,0.346,25,37,0.676,9.0,75.0,84.0,89,17.0,8.0,54.0,57,267
350,1629638,2020-21,00,1610612740,NOP,22.0,46,13,1007.0,192,458,0.419,76.0,219.0,0.347,48,66,0.727,13.0,131.0,144.0,102,47.0,22.0,69.0,88,508
351,1629638,2021-22,00,1610612740,NOP,23.0,50,19,1317.0,237,632,0.375,95.0,305.0,0.311,70,97,0.722,36.0,128.0,164.0,139,41.0,19.0,85.0,88,639
352,1629638,2021-22,00,1610612762,UTA,23.0,15,2,149.0,16,48,0.333,10.0,33.0,0.303,11,12,0.917,1.0,22.0,23.0,17,5.0,4.0,8.0,15,53
353,1629638,2021-22,00,0,TOT,23.0,65,21,1466.0,253,680,0.372,105.0,338.0,0.311,81,109,0.743,37.0,150.0,187.0,156,46.0,23.0,93.0,103,692
354,1629638,2022-23,00,1610612762,UTA,24.0,36,3,528.0,83,170,0.488,35.0,87.0,0.402,27,39,0.692,8.0,51.0,59.0,76,24.0,14.0,45.0,58,228
355,1629638,2022-23,00,1610612750,MIN,24.0,23,0,356.0,48,125,0.384,26.0,72.0,0.361,13,21,0.619,7.0,35.0,42.0,32,8.0,7.0,10.0,30,135
356,1629638,2022-23,00,0,TOT,24.0,59,3,884.0,131,295,0.444,61.0,159.0,0.384,40,60,0.667,15.0,86.0,101.0,108,32.0,21.0,55.0,88,363
357,1629638,2023-24,00,1610612750,MIN,25.0,82,20,1921.0,236,538,0.439,131.0,335.0,0.391,52,65,0.8,35.0,132.0,167.0,204,64.0,42.0,76.0,143,655
358,1629638,2024-25,00,1610612750,MIN,26.0,49,4,1162.0,155,348,0.445,84.0,209.0,0.402,38,52,0.731,29.0,113.0,142.0,118,30.0,15.0,62.0,83,432
359,76024,1987-88,00,1610612742,DAL,23.0,28,0,197.0,21,55,0.382,1.0,8.0,0.125,16,17,0.941,3.0,20.0,23.0,23,17.0,3.0,12.0,23,59
360,76024,1988-89,00,1610612742,DAL,24.0,9,0,38.0,3,11,0.273,0.0,2.0,0.0,1,2,0.5,0.0,3.0,3.0,9,1.0,0.0,1.0,3,7
361,76024,1988-89,00,1610612744,GOS,24.0,57,3,868.0,145,313,0.463,20.0,53.0,0.377,49,59,0.831,10.0,59.0,69.0,83,44.0,3.0,44.0,54,359
362,76024,1988-89,00,0,TOT,24.0,66,3,906.0,148,324,0.457,20.0,55.0,0.364,50,61,0.82,10.0,62.0,72.0,92,45.0,3.0,45.0,57,366
363,76024,1989-90,00,1610612742,DAL,25.0,41,0,302.0,63,138,0.457,7.0,22.0,0.318,35,37,0.946,2.0,23.0,25.0,39,15.0,3.0,16.0,22,168
364,76024,1990-91,00,1610612742,DAL,26.0,34,0,236.0,59,117,0.504,7.0,23.0,0.304,26,31,0.839,10.0,14.0,24.0,22,8.0,1.0,16.0,11,151
365,1628959,2018-19,00,1610612741,CHI,21.0,10,1,120.0,13,39,0.333,3.0,12.0,0.25,8,12,0.667,11.0,15.0,26.0,13,1.0,0.0,8.0,7,37
366,76028,1968-69,00,1610612744,SFW,22.0,27,,232.0,14,43,0.326,,,,20,36,0.556,,,56.0,10,,,,27,48
367,1628960,2018-19,00,1610612762,UTA,23.0,38,2,416.0,67,178,0.376,32.0,99.0,0.323,45,60,0.75,3.0,20.0,23.0,25,6.0,6.0,33.0,47,211
368,1628960,2019-20,00,1610612763,MEM,24.0,38,0,718.0,117,251,0.466,57.0,141.0,0.404,39,45,0.867,8.0,77.0,85.0,52,10.0,2.0,33.0,53,330
369,1628960,2020-21,00,1610612763,MEM,25.0,50,38,1260.0,173,414,0.418,107.0,274.0,0.391,79,91,0.868,19.0,141.0,160.0,108,46.0,8.0,48.0,71,532
370,1628960,2021-22,00,1610612749,MIL,26.0,66,61,1805.0,255,569,0.448,159.0,389.0,0.409,64,74,0.865,32.0,190.0,222.0,100,46.0,18.0,43.0,96,733
371,1628960,2022-23,00,1610612749,MIL,27.0,72,70,1972.0,245,557,0.44,146.0,366.0,0.399,114,126,0.905,61.0,176.0,237.0,163,62.0,14.0,72.0,117,750
372,1628960,2023-24,00,1610612756,PHX,28.0,75,74,2513.0,340,682,0.499,205.0,445.0,0.461,129,147,0.878,48.0,247.0,295.0,227,69.0,45.0,95.0,157,1014
373,1628960,2024-25,00,1610612756,PHX,29.0,39,1,955.0,135,295,0.458,95.0,219.0,0.434,59,71,0.831,24.0,109.0,133.0,75,36.0,11.0,41.0,55,424
374,1628386,2017-18,00,1610612751,BKN,20.0,72,31,1441.0,234,397,0.589,5.0,15.0,0.333,114,147,0.776,144.0,244.0,388.0,49,28.0,88.0,82.0,147,587
375,1628386,2018-19,00,1610612751,BKN,21.0,80,80,2096.0,335,568,0.59,6.0,45.0,0.133,197,278,0.709,191.0,481.0,672.0,110,43.0,120.0,103.0,184,873
376,1628386,2019-20,00,1610612751,BKN,22.0,70,64,1852.0,302,465,0.649,0.0,6.0,0.0,171,270,0.633,216.0,455.0,671.0,110,40.0,92.0,77.0,162,775
377,1628386,2020-21,00,1610612751,BKN,23.0,12,5,320.0,44,65,0.677,0.0,0.0,0.0,46,61,0.754,38.0,87.0,125.0,20,7.0,19.0,22.0,21,134
378,1628386,2020-21,00,1610612739,CLE,23.0,51,40,1544.0,254,417,0.609,6.0,19.0,0.316,158,229,0.69,158.0,348.0,506.0,86,25.0,71.0,78.0,75,672
379,1628386,2020-21,00,0,TOT,23.0,63,45,1864.0,298,482,0.618,6.0,19.0,0.316,204,290,0.703,196.0,435.0,631.0,106,32.0,90.0,100.0,96,806
380,1628386,2021-22,00,1610612739,CLE,24.0,56,56,1810.0,369,545,0.677,1.0,10.0,0.1,165,233,0.708,192.0,410.0,602.0,92,44.0,75.0,94.0,97,904
381,1628386,2022-23,00,1610612739,CLE,25.0,68,68,2220.0,403,626,0.644,1.0,10.0,0.1,162,221,0.733,221.0,445.0,666.0,113,54.0,84.0,93.0,153,969
382,1628386,2023-24,00,1610612739,CLE,26.0,77,77,2442.0,519,819,0.634,0.0,6.0,0.0,233,314,0.742,243.0,568.0,811.0,210,53.0,81.0,121.0,147,1271
383,1628386,2024-25,00,1610612739,CLE,26.0,49,49,1413.0,276,391,0.706,0.0,2.0,0.0,121,165,0.733,126.0,366.0,492.0,93,45.0,46.0,53.0,70,673
384,706,1995-96,00,1610612750,MIN,23.0,41,0,362.0,36,105,0.343,10.0,33.0,0.303,26,36,0.722,5.0,20.0,25.0,49,21.0,5.0,34.0,42,108
385,706,1996-97,00,1610612754,IND,24.0,51,1,692.0,57,147,0.388,23.0,59.0,0.39,27,47,0.574,13.0,52.0,65.0,109,27.0,0.0,56.0,67,164
386,706,1996-97,00,1610612743,DEN,24.0,25,0,252.0,21,74,0.284,7.0,34.0,0.206,15,25,0.6,12.0,21.0,33.0,43,4.0,4.0,13.0,17,64
387,706,1996-97,00,0,TOT,24.0,76,1,944.0,78,221,0.353,30.0,93.0,0.323,42,72,0.583,25.0,73.0,98.0,152,31.0,4.0,69.0,84,228
388,1628443,2017-18,00,1610612738,BOS,25.0,18,1,107.0,6,22,0.273,0.0,11.0,0.0,7,9,0.778,4.0,7.0,11.0,12,3.0,2.0,9.0,15,19
389,1628443,2018-19,00,1610612752,NYK,26.0,19,1,416.0,65,141,0.461,17.0,36.0,0.472,42,54,0.778,8.0,43.0,51.0,76,16.0,4.0,26.0,46,189
390,1628443,2019-20,00,1610612752,NYK,27.0,10,0,117.0,19,44,0.432,5.0,16.0,0.313,7,11,0.636,2.0,7.0,9.0,21,5.0,2.0,8.0,7,50
391,202730,2011-12,00,1610612755,PHI,23.0,41,15,624.0,79,167,0.473,0.0,0.0,0.0,11,14,0.786,47.0,124.0,171.0,34,13.0,18.0,20.0,73,169
392,202730,2012-13,00,1610612755,PHI,24.0,79,37,1669.0,206,454,0.454,0.0,1.0,0.0,43,60,0.717,159.0,236.0,395.0,73,24.0,55.0,55.0,180,455
393,202730,2013-14,00,1610612755,PHI,25.0,51,2,960.0,117,266,0.44,2.0,13.0,0.154,27,40,0.675,106.0,171.0,277.0,65,22.0,27.0,40.0,115,263
394,202730,2013-14,00,1610612754,IND,25.0,14,0,112.0,17,34,0.5,0.0,0.0,0.0,6,10,0.6,13.0,21.0,34.0,6,2.0,6.0,4.0,11,40
395,202730,2013-14,00,0,TOT,25.0,65,2,1071.0,134,300,0.447,2.0,13.0,0.154,33,50,0.66,119.0,192.0,311.0,71,24.0,33.0,44.0,126,303
396,202730,2014-15,00,1610612754,IND,26.0,63,0,1070.0,141,299,0.472,0.0,0.0,0.0,33,47,0.702,123.0,200.0,323.0,73,15.0,42.0,40.0,102,315
397,202730,2015-16,00,1610612754,IND,27.0,79,28,1599.0,191,370,0.516,0.0,0.0,0.0,46,73,0.63,162.0,262.0,424.0,76,26.0,42.0,69.0,147,428
398,202730,2016-17,00,1610612754,IND,28.0,61,5,871.0,77,168,0.458,0.0,1.0,0.0,23,33,0.697,105.0,114.0,219.0,57,18.0,24.0,29.0,78,177
399,76027,1969-70,00,1610612760,SEA,22.0,81,,1817.0,306,692,0.442,,,,182,249,0.731,,,211.0,342,,,,201,794
400,76027,1970-71,00,1610612749,MIL,23.0,61,,1162.0,178,398,0.447,,,,77,110,0.7,,,152.0,161,,,,108,433
401,76027,1971-72,00,1610612749,MIL,24.0,80,,2316.0,441,874,0.505,,,,198,259,0.764,,,254.0,333,,,,214,1080
402,76027,1972-73,00,1610612749,MIL,25.0,80,,2693.0,547,1130,0.484,,,,143,200,0.715,,,279.0,426,,,,188,1237
403,76027,1973-74,00,1610612749,MIL,26.0,72,,2388.0,526,1062,0.495,,,,216,274,0.788,89.0,202.0,291.0,374,137.0,22.0,,215,1268
404,76027,1974-75,00,1610612749,MIL,27.0,10,,342.0,68,164,0.415,,,,31,37,0.838,9.0,22.0,31.0,53,14.0,1.0,,23,167
405,76027,1974-75,00,1610612747,LAL,27.0,56,,2011.0,443,1006,0.44,,,,207,269,0.77,81.0,166.0,247.0,319,122.0,28.0,,194,1093
406,76027,1974-75,00,0,TOT,27.0,66,,2353.0,511,1170,0.437,,,,238,306,0.778,90.0,188.0,278.0,372,136.0,29.0,,217,1260
407,76027,1975-76,00,1610612747,LAL,28.0,76,,2388.0,461,1004,0.459,,,,197,254,0.776,64.0,150.0,214.0,357,101.0,20.0,,241,1119
408,76027,1976-77,00,1610612747,LAL,29.0,78,,2482.0,472,1035,0.456,,,,195,252,0.774,58.0,193.0,251.0,405,116.0,19.0,,183,1139
409,76027,1977-78,00,1610612758,KCK,30.0,77,,2147.0,373,846,0.441,,,,174,220,0.791,66.0,163.0,229.0,360,93.0,28.0,217.0,180,920
410,76027,1978-79,00,1610612758,KCK,31.0,31,,413.0,69,174,0.397,,,,19,33,0.576,14.0,32.0,46.0,44,21.0,6.0,30.0,52,157
411,2124,2001-02,00,1610612748,MIA,24.0,12,2,161.0,22,51,0.431,0.0,1.0,0.0,8,10,0.8,15.0,23.0,38.0,5,3.0,8.0,2.0,16,52
412,2124,2002-03,00,1610612748,MIA,25.0,80,73,2320.0,335,790,0.424,0.0,4.0,0.0,97,121,0.802,134.0,291.0,425.0,54,37.0,78.0,128.0,234,767
413,2124,2003-04,00,1610612748,MIA,26.0,45,6,616.0,83,198,0.419,0.0,0.0,0.0,25,33,0.758,42.0,77.0,119.0,16,12.0,28.0,27.0,81,191
414,2124,2004-05,00,1610612748,MIA,27.0,14,0,248.0,35,76,0.461,0.0,0.0,0.0,13,14,0.929,24.0,28.0,52.0,11,4.0,11.0,11.0,29,83
415,2124,2004-05,00,1610612766,CHA,27.0,22,1,271.0,49,101,0.485,0.0,0.0,0.0,13,14,0.929,16.0,31.0,47.0,7,5.0,11.0,7.0,24,111
416,2124,2004-05,00,0,TOT,27.0,36,1,519.0,84,177,0.475,0.0,0.0,0.0,26,28,0.929,40.0,59.0,99.0,18,9.0,22.0,18.0,53,194
417,2124,2005-06,00,1610612741,CHI,28.0,54,20,701.0,121,247,0.49,1.0,1.0,1.0,23,38,0.605,44.0,96.0,140.0,20,14.0,16.0,34.0,92,266
418,2124,2006-07,00,1610612741,CHI,29.0,60,1,638.0,107,258,0.415,0.0,1.0,0.0,28,34,0.824,42.0,77.0,119.0,16,17.0,16.0,21.0,85,242
419,2124,2007-08,00,1610612751,NJN,30.0,48,12,763.0,124,261,0.475,1.0,2.0,0.5,12,13,0.923,42.0,86.0,128.0,29,15.0,21.0,32.0,89,261
420,2124,2007-08,00,1610612742,DAL,30.0,25,4,333.0,33,66,0.5,0.0,0.0,0.0,11,12,0.917,24.0,44.0,68.0,15,4.0,10.0,13.0,60,77
421,2124,2007-08,00,0,TOT,30.0,73,16,1096.0,157,327,0.48,1.0,2.0,0.5,23,25,0.92,66.0,130.0,196.0,44,19.0,31.0,45.0,149,338
422,2124,2008-09,00,1610612749,MIL,31.0,49,3,579.0,73,170,0.429,0.0,1.0,0.0,10,21,0.476,35.0,68.0,103.0,35,7.0,12.0,20.0,89,156
423,2124,2009-10,00,1610612743,DEN,32.0,51,3,456.0,46,116,0.397,1.0,6.0,0.167,12,13,0.923,36.0,46.0,82.0,16,11.0,5.0,22.0,68,105
424,2124,2010-11,00,1610612753,ORL,33.0,18,0,178.0,11,31,0.355,0.0,0.0,0.0,1,2,0.5,12.0,20.0,32.0,4,1.0,4.0,3.0,30,23
425,76025,1988-89,00,1610612758,SAC,24.0,7,0,43.0,8,19,0.421,0.0,1.0,0.0,1,2,0.5,3.0,4.0,7.0,0,1.0,1.0,2.0,7,17
426,76025,1989-90,00,1610612758,SAC,25.0,63,6,746.0,106,239,0.444,0.0,7.0,0.0,23,43,0.535,49.0,89.0,138.0,23,16.0,19.0,28.0,102,235
427,951,1996-97,00,1610612749,MIL,21.0,82,81,2538.0,390,908,0.43,117.0,298.0,0.393,205,249,0.823,97.0,229.0,326.0,210,75.0,10.0,149.0,218,1102
428,951,1997-98,00,1610612749,MIL,22.0,82,82,3287.0,563,1315,0.428,134.0,368.0,0.364,342,391,0.875,127.0,278.0,405.0,356,111.0,12.0,263.0,244,1602
429,951,1998-99,00,1610612749,MIL,23.0,50,50,1719.0,303,673,0.45,74.0,208.0,0.356,176,195,0.903,57.0,155.0,212.0,178,53.0,7.0,122.0,117,856
430,951,1999-00,00,1610612749,MIL,24.0,82,82,3070.0,642,1411,0.455,172.0,407.0,0.423,353,398,0.887,83.0,276.0,359.0,308,110.0,19.0,183.0,187,1809
431,951,2000-01,00,1610612749,MIL,25.0,82,82,3129.0,628,1309,0.48,202.0,467.0,0.433,348,392,0.888,101.0,327.0,428.0,374,124.0,20.0,204.0,192,1806
432,951,2001-02,00,1610612749,MIL,26.0,69,67,2525.0,530,1148,0.462,229.0,528.0,0.434,214,245,0.873,81.0,231.0,312.0,271,88.0,18.0,159.0,157,1503
433,951,2002-03,00,1610612749,MIL,27.0,47,46,1683.0,351,803,0.437,123.0,311.0,0.395,178,195,0.913,45.0,173.0,218.0,164,57.0,11.0,117.0,149,1003
434,951,2002-03,00,1610612760,SEA,27.0,29,29,1197.0,247,560,0.441,78.0,222.0,0.351,138,150,0.92,49.0,114.0,163.0,170,46.0,3.0,81.0,71,710
435,951,2002-03,00,0,TOT,27.0,76,75,2880.0,598,1363,0.439,201.0,533.0,0.377,316,345,0.916,94.0,287.0,381.0,334,103.0,14.0,198.0,220,1713
436,951,2003-04,00,1610612760,SEA,28.0,56,56,2152.0,447,1017,0.44,148.0,378.0,0.392,245,271,0.904,69.0,217.0,286.0,268,71.0,11.0,156.0,132,1287
437,951,2004-05,00,1610612760,SEA,29.0,78,78,3064.0,640,1494,0.428,209.0,556.0,0.376,378,428,0.883,79.0,268.0,347.0,289,84.0,5.0,171.0,167,1867
438,951,2005-06,00,1610612760,SEA,30.0,78,78,3022.0,681,1500,0.454,269.0,653.0,0.412,324,359,0.903,71.0,261.0,332.0,286,105.0,16.0,188.0,151,1955
439,951,2006-07,00,1610612760,SEA,31.0,55,55,2219.0,505,1153,0.438,165.0,443.0,0.372,279,309,0.903,57.0,190.0,247.0,228,82.0,11.0,154.0,113,1454
440,951,2007-08,00,1610612738,BOS,32.0,73,73,2624.0,439,986,0.445,180.0,452.0,0.398,215,237,0.907,75.0,193.0,268.0,225,65.0,16.0,127.0,147,1273
441,951,2008-09,00,1610612738,BOS,33.0,79,79,2876.0,499,1040,0.48,199.0,486.0,0.409,237,249,0.952,66.0,212.0,278.0,218,69.0,13.0,134.0,157,1434
442,951,2009-10,00,1610612738,BOS,34.0,80,80,2819.0,464,973,0.477,145.0,399.0,0.363,231,253,0.913,45.0,208.0,253.0,210,64.0,25.0,129.0,182,1304
443,951,2010-11,00,1610612738,BOS,35.0,80,80,2890.0,480,978,0.491,168.0,378.0,0.444,193,219,0.881,51.0,223.0,274.0,219,77.0,16.0,117.0,147,1321
444,951,2011-12,00,1610612738,BOS,36.0,46,42,1565.0,226,493,0.458,106.0,234.0,0.453,97,106,0.915,14.0,128.0,142.0,109,49.0,8.0,68.0,83,655
445,951,2012-13,00,1610612748,MIA,37.0,79,0,2035.0,292,651,0.449,139.0,332.0,0.419,140,158,0.886,40.0,177.0,217.0,135,67.0,15.0,103.0,129,863
446,951,2013-14,00,1610612748,MIA,38.0,73,9,1936.0,240,543,0.442,116.0,309.0,0.375,105,116,0.905,23.0,182.0,205.0,143,54.0,8.0,84.0,115,701
447,1641851,2023-24,00,1610612763,MEM,24.0,5,0,125.0,6,23,0.261,0.0,7.0,0.0,1,2,0.5,4.0,13.0,17.0,5,4.0,0.0,2.0,18,13
448,2754,2004-05,00,1610612738,BOS,23.0,77,34,1260.0,184,387,0.475,12.0,31.0,0.387,112,152,0.737,85.0,136.0,221.0,64,76.0,24.0,77.0,156,492
449,2754,2005-06,00,1610612738,BOS,24.0,51,9,978.0,129,274,0.471,11.0,34.0,0.324,100,134,0.746,32.0,79.0,111.0,67,51.0,18.0,67.0,126,369
450,2754,2006-07,00,1610612738,BOS,25.0,33,18,805.0,133,259,0.514,8.0,33.0,0.242,105,134,0.784,35.0,89.0,124.0,56,49.0,12.0,75.0,87,379
451,2754,2007-08,00,1610612738,BOS,26.0,75,11,1373.0,169,389,0.434,18.0,57.0,0.316,138,181,0.762,34.0,134.0,168.0,114,62.0,21.0,109.0,168,494
452,2754,2008-09,00,1610612738,BOS,27.0,46,2,887.0,137,284,0.482,6.0,27.0,0.222,79,109,0.725,22.0,82.0,104.0,66,54.0,23.0,77.0,98,359
453,2754,2009-10,00,1610612738,BOS,28.0,54,8,889.0,129,253,0.51,0.0,5.0,0.0,72,119,0.605,52.0,93.0,145.0,72,59.0,19.0,66.0,109,330
454,2754,2010-11,00,1610612763,MEM,29.0,72,31,1494.0,251,492,0.51,4.0,23.0,0.174,137,182,0.753,70.0,123.0,193.0,104,129.0,44.0,86.0,161,643
455,2754,2011-12,00,1610612763,MEM,30.0,58,57,1525.0,210,448,0.469,8.0,26.0,0.308,140,175,0.8,98.0,135.0,233.0,79,104.0,33.0,94.0,142,568
456,2754,2012-13,00,1610612763,MEM,31.0,79,79,2109.0,284,638,0.445,3.0,24.0,0.125,134,187,0.717,121.0,242.0,363.0,98,119.0,44.0,94.0,211,705
457,2754,2013-14,00,1610612763,MEM,32.0,55,28,1278.0,204,413,0.494,11.0,47.0,0.234,76,121,0.628,79.0,129.0,208.0,94,90.0,19.0,90.0,121,495
458,2754,2014-15,00,1610612763,MEM,33.0,63,41,1648.0,225,455,0.495,10.0,29.0,0.345,79,126,0.627,103.0,177.0,280.0,86,129.0,30.0,86.0,166,539
459,2754,2015-16,00,1610612763,MEM,34.0,64,57,1620.0,215,469,0.458,15.0,42.0,0.357,90,138,0.652,104.0,192.0,296.0,70,110.0,18.0,78.0,175,535
460,2754,2016-17,00,1610612763,MEM,35.0,71,66,1914.0,274,595,0.461,15.0,54.0,0.278,80,130,0.615,166.0,225.0,391.0,98,115.0,29.0,100.0,178,643
461,2754,2017-18,00,1610612740,NOP,36.0,22,0,273.0,44,91,0.484,4.0,12.0,0.333,11,21,0.524,20.0,27.0,47.0,9,11.0,3.0,19.0,49,103
462,76029,1971-72,00,1610612744,GOS,22.0,36,,166.0,17,78,0.218,,,,33,61,0.541,,,45.0,10,,,,34,67
463,200984,2007-08,00,1610612739,CLE,27.0,3,0,10.0,1,4,0.25,0.0,0.0,0.0,1,2,0.5,0.0,1.0,1.0,0,0.0,0.0,0.0,1,3
464,76030,1980-81,00,1610612742,DAL,22.0,22,3,276.0,23,67,0.343,0.0,1.0,0.0,13,22,0.591,19.0,46.0,65.0,25,5.0,8.0,23.0,51,59
465,201165,2007-08,00,1610612762,UTA,23.0,9,0,39.0,4,15,0.267,1.0,4.0,0.25,4,6,0.667,0.0,2.0,2.0,3,1.0,0.0,2.0,5,13
466,201165,2008-09,00,1610612762,UTA,24.0,25,1,255.0,33,81,0.407,5.0,17.0,0.294,21,26,0.808,9.0,27.0,36.0,7,4.0,4.0,16.0,31,92
467,201165,2011-12,00,1610612764,WAS,27.0,4,0,67.0,6,17,0.353,1.0,3.0,0.333,1,3,0.333,1.0,7.0,8.0,2,7.0,0.0,1.0,6,14
468,308,1994-95,00,1610612755,PHL,22.0,64,1,1032.0,120,258,0.465,0.0,4.0,0.0,59,120,0.492,98.0,121.0,219.0,33,39.0,35.0,53.0,107,299
469,308,1995-96,00,1610612755,PHL,23.0,73,41,1614.0,198,387,0.512,1.0,3.0,0.333,55,112,0.491,127.0,175.0,302.0,61,56.0,52.0,59.0,191,452
470,308,1996-97,00,1610612737,ATL,24.0,2,0,11.0,0,5,0.0,0.0,0.0,0.0,0,2,0.0,3.0,1.0,4.0,0,0.0,0.0,0.0,0,0
471,1747,1999-00,00,1610612749,MIL,23.0,27,0,361.0,27,95,0.284,3.0,14.0,0.214,3,4,0.75,5.0,18.0,23.0,70,12.0,0.0,29.0,29,60
472,1747,2000-01,00,1610612749,MIL,24.0,37,2,287.0,30,84,0.357,8.0,30.0,0.267,9,13,0.692,4.0,27.0,31.0,68,13.0,0.0,20.0,27,77
473,1747,2001-02,00,1610612749,MIL,25.0,50,7,596.0,66,191,0.346,27.0,71.0,0.38,18,29,0.621,10.0,62.0,72.0,143,32.0,2.0,40.0,42,177
474,1747,2002-03,00,1610612761,TOR,26.0,47,4,983.0,139,335,0.415,51.0,130.0,0.392,37,54,0.685,21.0,86.0,107.0,192,38.0,15.0,86.0,120,366
475,1747,2003-04,00,1610612748,MIA,27.0,82,28,2581.0,287,764,0.376,161.0,434.0,0.371,103,134,0.769,26.0,200.0,226.0,372,114.0,18.0,128.0,212,838
476,1747,2004-05,00,1610612761,TOR,28.0,80,78,2718.0,403,974,0.414,139.0,389.0,0.357,191,258,0.74,42.0,237.0,279.0,514,118.0,7.0,170.0,212,1136
477,1747,2005-06,00,1610612745,HOU,29.0,63,63,2431.0,280,738,0.379,102.0,312.0,0.327,99,143,0.692,36.0,219.0,255.0,425,101.0,15.0,157.0,194,761
478,1747,2006-07,00,1610612745,HOU,30.0,82,82,3040.0,383,1020,0.375,192.0,529.0,0.363,130,177,0.734,29.0,253.0,282.0,444,129.0,10.0,170.0,195,1088
479,1747,2007-08,00,1610612745,HOU,31.0,74,74,2526.0,364,924,0.394,143.0,407.0,0.351,98,137,0.715,28.0,232.0,260.0,392,98.0,18.0,160.0,139,969
480,1747,2008-09,00,1610612745,HOU,32.0,48,48,1591.0,193,522,0.37,80.0,230.0,0.348,86,109,0.789,25.0,119.0,144.0,258,57.0,7.0,88.0,72,552
481,1747,2008-09,00,1610612753,ORL,32.0,29,28,856.0,123,298,0.413,32.0,101.0,0.317,70,99,0.707,8.0,75.0,83.0,148,51.0,3.0,52.0,63,348
482,1747,2008-09,00,0,TOT,32.0,77,76,2447.0,316,820,0.385,112.0,331.0,0.338,156,208,0.75,33.0,194.0,227.0,406,108.0,10.0,140.0,135,900
483,1747,2009-10,00,1610612751,NJN,33.0,27,13,766.0,95,277,0.343,28.0,87.0,0.322,44,54,0.815,9.0,66.0,75.0,104,27.0,5.0,61.0,50,262
484,1747,2009-10,00,1610612748,MIA,33.0,25,25,655.0,60,169,0.355,30.0,81.0,0.37,15,27,0.556,4.0,50.0,54.0,72,23.0,5.0,34.0,53,165
485,1747,2009-10,00,0,TOT,33.0,52,38,1420.0,155,446,0.348,58.0,168.0,0.345,59,81,0.728,13.0,116.0,129.0,176,50.0,10.0,95.0,103,427
486,1824,1998-99,00,1610612758,SAC,26.0,2,0,5.0,1,2,0.5,0.0,0.0,0.0,0,0,0.0,1.0,1.0,2.0,0,1.0,1.0,2.0,4,2
487,1630631,2021-22,00,1610612740,NOP,24.0,54,1,834.0,131,294,0.446,32.0,110.0,0.291,36,53,0.679,25.0,75.0,100.0,152,71.0,7.0,40.0,73,330
488,1630631,2022-23,00,1610612740,NOP,25.0,61,10,1310.0,201,489,0.411,83.0,247.0,0.336,65,80,0.813,28.0,113.0,141.0,186,67.0,10.0,81.0,125,550
489,1630631,2023-24,00,1610612740,NOP,26.0,56,0,1028.0,142,345,0.412,78.0,207.0,0.377,35,52,0.673,25.0,103.0,128.0,117,59.0,15.0,40.0,89,397
490,1630631,2024-25,00,1610612740,NOP,26.0,26,7,577.0,84,208,0.404,57.0,138.0,0.413,27,34,0.794,12.0,39.0,51.0,107,34.0,8.0,30.0,50,252
491,680,1995-96,00,1610612739,CLE,25.0,28,3,357.0,29,70,0.414,0.0,0.0,0.0,19,33,0.576,13.0,39.0,52.0,9,6.0,11.0,34.0,49,77
492,680,1999-00,00,1610612753,ORL,29.0,80,53,1684.0,306,700,0.437,1.0,6.0,0.167,223,291,0.766,62.0,204.0,266.0,95,35.0,37.0,139.0,161,836
493,680,2000-01,00,1610612753,ORL,30.0,82,36,1711.0,237,592,0.4,0.0,7.0,0.0,176,279,0.631,77.0,191.0,268.0,74,28.0,29.0,124.0,175,650
494,680,2001-02,00,1610612762,UTA,31.0,54,0,586.0,54,166,0.325,0.0,0.0,0.0,67,105,0.638,52.0,57.0,109.0,29,7.0,10.0,55.0,64,175
495,680,2002-03,00,1610612762,UTA,32.0,50,1,475.0,37,118,0.314,0.0,0.0,0.0,25,52,0.481,26.0,51.0,77.0,21,14.0,7.0,34.0,50,99
496,732,1995-96,00,1610612763,VAN,24.0,54,34,1104.0,121,252,0.48,0.0,1.0,0.0,97,149,0.651,114.0,189.0,303.0,33,22.0,10.0,57.0,151,339
497,732,1996-97,00,1610612764,WAS,25.0,31,0,145.0,12,40,0.3,1.0,1.0,1.0,15,28,0.536,19.0,33.0,52.0,3,7.0,3.0,10.0,29,40
498,202329,2010-11,00,1610612746,LAC,20.0,81,14,1452.0,160,406,0.394,45.0,143.0,0.315,92,119,0.773,75.0,192.0,267.0,60,59.0,25.0,103.0,121,457
499,202329,2011-12,00,1610612740,NOH,21.0,66,21,1477.0,150,365,0.411,13.0,47.0,0.277,86,114,0.754,95.0,213.0,308.0,66,59.0,34.0,91.0,136,399
500,202329,2012-13,00,1610612740,NOH,22.0,76,71,2066.0,225,474,0.475,4.0,19.0,0.211,101,137,0.737,139.0,446.0,585.0,103,92.0,51.0,116.0,153,555
501,202329,2013-14,00,1610612740,NOP,23.0,80,65,2045.0,234,494,0.474,13.0,48.0,0.271,91,137,0.664,129.0,367.0,496.0,114,82.0,38.0,88.0,147,572
502,202329,2014-15,00,1610612742,DAL,24.0,74,3,1366.0,147,357,0.412,34.0,124.0,0.274,84,118,0.712,114.0,228.0,342.0,59,70.0,62.0,55.0,137,412
503,202329,2015-16,00,1610612757,POR,25.0,82,82,2341.0,299,719,0.416,126.0,349.0,0.361,115,156,0.737,98.0,401.0,499.0,138,72.0,53.0,120.0,171,839
504,202329,2016-17,00,1610612757,POR,26.0,61,25,1773.0,183,466,0.393,70.0,212.0,0.33,96,136,0.706,77.0,374.0,451.0,99,60.0,44.0,94.0,102,532
505,202329,2017-18,00,1610612757,POR,27.0,69,67,2072.0,230,582,0.395,125.0,339.0,0.369,59,80,0.738,97.0,428.0,525.0,84,79.0,40.0,79.0,136,644
506,202329,2018-19,00,1610612757,POR,28.0,81,81,2292.0,257,593,0.433,96.0,280.0,0.343,150,173,0.867,112.0,498.0,610.0,104,68.0,33.0,72.0,143,760
507,202329,2019-20,00,1610612753,ORL,29.0,18,2,380.0,25,86,0.291,9.0,36.0,0.25,19,29,0.655,24.0,63.0,87.0,21,18.0,8.0,17.0,27,78
508,202329,2020-21,00,1610612753,ORL,30.0,17,14,367.0,36,89,0.404,7.0,31.0,0.226,14,17,0.824,20.0,71.0,91.0,29,17.0,9.0,25.0,22,93
509,202329,2020-21,00,1610612741,CHI,30.0,6,0,67.0,2,10,0.2,1.0,6.0,0.167,4,5,0.8,2.0,17.0,19.0,2,2.0,0.0,3.0,7,9
510,202329,2020-21,00,0,TOT,30.0,23,14,434.0,38,99,0.384,8.0,37.0,0.216,18,22,0.818,22.0,88.0,110.0,31,19.0,9.0,28.0,29,102
511,200811,2006-07,00,1610612762,UTA,24.0,1,0,2.0,0,0,0.0,0.0,0.0,0.0,0,0,0.0,0.0,0.0,0.0,0,0.0,0.0,0.0,0,0
512,200811,2006-07,00,1610612755,PHI,24.0,10,0,87.0,6,15,0.4,0.0,0.0,0.0,4,10,0.4,13.0,15.0,28.0,1,1.0,8.0,5.0,15,16
513,200811,2006-07,00,0,TOT,24.0,11,0,89.0,6,15,0.4,0.0,0.0,0.0,4,10,0.4,13.0,15.0,28.0,1,1.0,8.0,5.0,15,16
514,200811,2007-08,00,1610612755,PHI,25.0,16,0,64.0,8,16,0.5,0.0,0.0,0.0,2,7,0.286,7.0,5.0,12.0,0,1.0,1.0,2.0,13,18
515,200811,2008-09,00,1610612756,PHX,26.0,76,0,1044.0,134,250,0.536,0.0,1.0,0.0,53,120,0.442,128.0,142.0,270.0,28,32.0,65.0,56.0,154,321
516,200811,2009-10,00,1610612756,PHX,27.0,79,0,1168.0,152,276,0.551,0.0,1.0,0.0,67,123,0.545,128.0,218.0,346.0,31,24.0,73.0,57.0,169,371
517,200811,2010-11,00,1610612744,GSW,28.0,46,7,691.0,83,183,0.454,0.0,0.0,0.0,34,87,0.391,81.0,104.0,185.0,17,14.0,33.0,24.0,87,200
518,200811,2011-12,00,1610612754,IND,29.0,60,0,753.0,89,207,0.43,0.0,0.0,0.0,35,82,0.427,94.0,128.0,222.0,14,27.0,44.0,45.0,125,213
519,200811,2012-13,00,1610612750,MIN,30.0,20,0,161.0,14,38,0.368,0.0,0.0,0.0,4,20,0.2,23.0,24.0,47.0,3,7.0,6.0,11.0,26,32
520,200811,2012-13,00,1610612741,CHI,30.0,1,0,2.0,0,1,0.0,0.0,0.0,0.0,0,0,0.0,1.0,0.0,1.0,0,0.0,0.0,0.0,0,0
521,200811,2012-13,00,1610612740,NOH,30.0,18,0,209.0,18,42,0.429,0.0,0.0,0.0,8,16,0.5,24.0,34.0,58.0,8,9.0,6.0,8.0,27,44
522,200811,2012-13,00,0,TOT,30.0,39,0,371.0,32,81,0.395,0.0,0.0,0.0,12,36,0.333,48.0,58.0,106.0,11,16.0,12.0,19.0,53,76
523,200811,2013-14,00,1610612740,NOP,31.0,18,0,184.0,16,32,0.5,0.0,0.0,0.0,6,24,0.25,28.0,27.0,55.0,6,9.0,11.0,14.0,49,38
524,200811,2013-14,00,1610612741,CHI,31.0,1,0,1.0,0,0,0.0,0.0,0.0,0.0,0,0,0.0,0.0,0.0,0.0,0,0.0,0.0,0.0,0,0
525,200811,2013-14,00,0,TOT,31.0,19,0,185.0,16,32,0.5,0.0,0.0,0.0,6,24,0.25,28.0,27.0,55.0,6,9.0,11.0,14.0,49,38
526,200811,2014-15,00,1610612739,CLE,32.0,12,0,79.0,4,12,0.333,0.0,0.0,0.0,3,5,0.6,5.0,15.0,20.0,5,1.0,0.0,5.0,11,11
527,200811,2014-15,00,1610612752,NYK,32.0,41,35,858.0,105,243,0.432,0.0,1.0,0.0,38,82,0.463,89.0,159.0,248.0,65,21.0,52.0,57.0,115,248
528,200811,2014-15,00,0,TOT,32.0,53,35,937.0,109,255,0.427,0.0,1.0,0.0,41,87,0.471,94.0,174.0,268.0,70,22.0,52.0,62.0,126,259
529,200811,2015-16,00,1610612752,NYK,33.0,29,0,204.0,19,53,0.358,0.0,0.0,0.0,14,27,0.519,23.0,26.0,49.0,12,6.0,7.0,15.0,44,52
530,76034,1959-60,00,1610612752,NYK,22.0,33,,373.0,55,143,0.385,,,,23,42,0.548,,,69.0,29,,,,32,133
531,2365,2001-02,00,1610612743,DEN,23.0,24,1,261.0,25,74,0.338,0.0,4.0,0.0,22,28,0.786,38.0,38.0,76.0,7,7.0,28.0,13.0,35,72
532,2365,2002-03,00,1610612743,DEN,24.0,59,3,903.0,114,285,0.4,0.0,1.0,0.0,77,140,0.55,109.0,165.0,274.0,32,30.0,60.0,60.0,90,305
533,2365,2003-04,00,1610612743,DEN,25.0,71,0,1029.0,90,203,0.443,0.0,1.0,0.0,63,107,0.589,89.0,209.0,298.0,35,34.0,114.0,48.0,119,243
534,2365,2004-05,00,1610612740,NOH,26.0,67,2,1430.0,191,358,0.534,0.0,3.0,0.0,131,190,0.689,137.0,273.0,410.0,71,14.0,100.0,64.0,144,513
535,2365,2005-06,00,1610612740,NOK,27.0,32,2,570.0,56,98,0.571,0.0,0.0,0.0,49,103,0.476,61.0,94.0,155.0,6,8.0,41.0,26.0,84,161
536,2365,2007-08,00,1610612740,NOH,29.0,5,0,34.0,2,7,0.286,0.0,0.0,0.0,2,4,0.5,2.0,7.0,9.0,0,0.0,4.0,1.0,6,6
537,2365,2008-09,00,1610612743,DEN,30.0,71,1,1460.0,160,292,0.548,2.0,10.0,0.2,130,181,0.718,163.0,279.0,442.0,31,41.0,175.0,69.0,174,452
538,2365,2009-10,00,1610612743,DEN,31.0,76,0,1695.0,142,251,0.566,0.0,3.0,0.0,164,236,0.695,147.0,336.0,483.0,33,42.0,143.0,59.0,171,448
539,2365,2010-11,00,1610612743,DEN,32.0,45,0,732.0,82,137,0.599,0.0,1.0,0.0,86,135,0.637,75.0,144.0,219.0,20,23.0,58.0,25.0,79,250
540,2365,2011-12,00,1610612743,DEN,33.0,32,1,486.0,59,108,0.546,0.0,0.0,0.0,50,82,0.61,48.0,100.0,148.0,6,19.0,46.0,17.0,52,168
541,2365,2012-13,00,1610612748,MIA,34.0,42,0,624.0,71,123,0.577,2.0,3.0,0.667,63,93,0.677,57.0,115.0,172.0,17,16.0,44.0,24.0,89,207
542,2365,2013-14,00,1610612748,MIA,35.0,72,0,1396.0,177,275,0.644,3.0,12.0,0.25,120,169,0.71,129.0,250.0,379.0,19,32.0,97.0,53.0,162,477
543,2365,2014-15,00,1610612748,MIA,36.0,60,20,1132.0,120,207,0.58,4.0,13.0,0.308,76,114,0.667,76.0,223.0,299.0,43,26.0,61.0,40.0,88,320
544,2365,2015-16,00,1610612748,MIA,37.0,7,1,36.0,4,10,0.4,2.0,5.0,0.4,3,4,0.75,3.0,6.0,9.0,3,1.0,3.0,2.0,4,13
545,2365,2015-16,00,1610612763,MEM,37.0,20,14,366.0,34,62,0.548,2.0,9.0,0.222,22,32,0.688,33.0,56.0,89.0,9,14.0,10.0,7.0,25,92
546,2365,2015-16,00,0,TOT,37.0,27,15,403.0,38,72,0.528,4.0,14.0,0.286,25,36,0.694,36.0,62.0,98.0,12,15.0,13.0,9.0,29,105
547,2365,2016-17,00,1610612739,CLE,38.0,12,0,114.0,9,22,0.409,0.0,3.0,0.0,10,14,0.714,9.0,22.0,31.0,5,5.0,7.0,5.0,20,28
548,2431,2009-10,00,1610612745,HOU,30.0,63,0,891.0,147,340,0.432,27.0,78.0,0.346,46,67,0.687,54.0,154.0,208.0,44,15.0,12.0,37.0,119,367
549,2431,2010-11,00,1610612761,TOR,31.0,11,0,150.0,23,47,0.489,3.0,10.0,0.3,7,7,1.0,8.0,26.0,34.0,7,3.0,3.0,8.0,11,56
550,2431,2010-11,00,1610612740,NOH,31.0,29,0,223.0,33,74,0.446,5.0,13.0,0.385,7,15,0.467,12.0,38.0,50.0,6,2.0,6.0,14.0,29,78
551,2431,2010-11,00,0,TOT,31.0,40,0,373.0,56,121,0.463,8.0,23.0,0.348,14,22,0.636,20.0,64.0,84.0,13,5.0,9.0,22.0,40,134
552,101187,2005-06,00,1610612766,CHA,23.0,36,7,564.0,75,181,0.414,24.0,58.0,0.414,33,41,0.805,23.0,47.0,70.0,32,11.0,4.0,32.0,48,207
553,101187,2006-07,00,1610612766,CHA,24.0,17,0,256.0,37,81,0.457,5.0,20.0,0.25,19,23,0.826,11.0,21.0,32.0,21,7.0,0.0,22.0,33,98
554,101187,2011-12,00,1610612761,TOR,29.0,17,12,461.0,55,142,0.387,24.0,61.0,0.393,29,34,0.853,8.0,26.0,34.0,26,5.0,3.0,25.0,35,163
555,101187,2012-13,00,1610612761,TOR,30.0,65,2,1495.0,236,616,0.383,95.0,285.0,0.333,126,147,0.857,34.0,114.0,148.0,103,48.0,7.0,80.0,131,693
556,101187,2013-14,00,1610612751,BKN,31.0,78,26,1773.0,194,485,0.4,84.0,248.0,0.339,92,118,0.78,40.0,135.0,175.0,81,48.0,11.0,62.0,147,564
557,101187,2014-15,00,1610612751,BKN,32.0,74,19,1744.0,195,440,0.443,73.0,210.0,0.348,82,101,0.812,31.0,173.0,204.0,83,56.0,5.0,60.0,148,545
558,101187,2015-16,00,1610612764,WAS,33.0,13,0,192.0,21,59,0.356,12.0,37.0,0.324,11,15,0.733,1.0,26.0,27.0,14,4.0,1.0,2.0,25,65
559,101187,2016-17,00,1610612746,LAC,34.0,30,0,308.0,30,80,0.375,14.0,44.0,0.318,12,16,0.75,3.0,21.0,24.0,11,3.0,0.0,7.0,35,86
560,202079,2009-10,00,1610612760,OKC,25.0,1,0,15.0,1,3,0.333,0.0,0.0,0.0,0,0,0.0,1.0,0.0,1.0,0,0.0,0.0,1.0,1,2
561,76035,1967-68,00,1610612747,LAL,23.0,18,,94.0,7,29,0.241,,,,12,28,0.429,,,11.0,17,,,,18,26
562,76035,1968-69,00,1610612747,LAL,24.0,35,,289.0,44,108,0.407,,,,47,82,0.573,,,44.0,31,,,,58,135
563,76035,1970-71,00,1610612739,CLE,26.0,23,,171.0,19,59,0.322,,,,41,60,0.683,,,37.0,16,,,,22,79
564,76035,1970-71,00,1610612755,PHL,26.0,5,,27.0,1,6,0.167,,,,5,7,0.714,,,11.0,4,,,,7,7
565,76035,1970-71,00,0,TOT,26.0,28,,198.0,20,65,0.308,,,,46,67,0.687,,,48.0,20,,,,29,86
566,76036,1974-75,00,1610612757,POR,24.0,43,,453.0,47,105,0.448,,,,26,30,0.867,8.0,21.0,29.0,81,16.0,1.0,,44,120
567,76036,1975-76,00,1610612757,POR,25.0,52,,614.0,88,181,0.486,,,,51,61,0.836,15.0,47.0,62.0,85,20.0,2.0,,58,227
568,1507,1997-98,00,1610612739,CLE,23.0,66,13,1839.0,239,586,0.408,17.0,84.0,0.202,275,315,0.873,55.0,132.0,187.0,227,86.0,13.0,128.0,136,770
569,1507,1998-99,00,1610612739,CLE,24.0,38,13,978.0,125,314,0.398,21.0,69.0,0.304,138,165,0.836,20.0,89.0,109.0,145,48.0,4.0,82.0,73,409
570,1507,1999-00,00,1610612746,LAC,25.0,64,58,2201.0,377,860,0.438,55.0,178.0,0.309,271,309,0.877,80.0,178.0,258.0,220,90.0,11.0,167.0,149,1080
571,1507,2000-01,00,1610612759,SAS,26.0,82,82,2860.0,413,993,0.416,101.0,253.0,0.399,342,402,0.851,75.0,288.0,363.0,301,120.0,14.0,165.0,188,1269
572,1507,2001-02,00,1610612757,POR,27.0,70,27,1856.0,247,612,0.404,85.0,228.0,0.373,178,208,0.856,47.0,142.0,189.0,216,68.0,8.0,87.0,113,757
573,1507,2002-03,00,1610612757,POR,28.0,76,76,2554.0,355,832,0.427,116.0,331.0,0.35,231,269,0.859,53.0,211.0,264.0,325,90.0,16.0,128.0,141,1057
574,1507,2003-04,00,1610612757,POR,29.0,51,46,1809.0,230,612,0.376,79.0,259.0,0.305,155,188,0.824,26.0,156.0,182.0,228,66.0,3.0,90.0,79,694
575,1507,2004-05,00,1610612757,POR,30.0,47,32,1238.0,152,391,0.389,58.0,151.0,0.384,70,87,0.805,25.0,103.0,128.0,143,36.0,4.0,70.0,89,432
576,1507,2005-06,00,1610612745,HOU,31.0,20,8,582.0,68,173,0.393,19.0,67.0,0.284,61,73,0.836,12.0,71.0,83.0,53,15.0,4.0,37.0,49,216
577,1507,2005-06,00,1610612748,MIA,31.0,23,3,465.0,40,130,0.308,21.0,67.0,0.313,32,38,0.842,9.0,51.0,60.0,48,8.0,2.0,17.0,49,133
578,1507,2005-06,00,0,TOT,31.0,43,11,1047.0,108,303,0.356,40.0,134.0,0.299,93,111,0.838,21.0,122.0,143.0,101,23.0,6.0,54.0,98,349
579,1507,2006-07,00,1610612766,CHA,32.0,50,32,1190.0,126,294,0.429,54.0,152.0,0.355,93,106,0.877,29.0,84.0,113.0,133,52.0,7.0,56.0,115,399
580,1507,2007-08,00,1610612766,CHA,33.0,28,0,396.0,47,125,0.376,19.0,52.0,0.365,28,38,0.737,9.0,43.0,52.0,44,12.0,1.0,25.0,49,141
581,76037,1982-83,00,1610612743,DEN,22.0,5,0,33.0,7,14,0.5,0.0,0.0,0.0,7,10,0.7,0.0,2.0,2.0,3,1.0,0.0,5.0,7,21
582,944,1992-93,00,1610612752,NYK,23.0,16,0,44.0,5,18,0.278,0.0,0.0,0.0,11,13,0.846,6.0,8.0,14.0,3,3.0,1.0,5.0,14,21
583,944,1993-94,00,1610612752,NYK,24.0,11,0,39.0,7,17,0.412,2.0,2.0,1.0,5,14,0.357,6.0,11.0,17.0,2,0.0,1.0,2.0,9,21
584,246,1987-88,00,1610612759,SAN,24.0,82,45,1984.0,379,756,0.501,1.0,5.0,0.2,198,328,0.604,161.0,352.0,513.0,79,54.0,122.0,143.0,228,957
585,246,1988-89,00,1610612759,SAN,25.0,82,56,2401.0,460,914,0.503,0.0,3.0,0.0,207,403,0.514,255.0,421.0,676.0,61,102.0,103.0,180.0,221,1127
586,246,1989-90,00,1610612749,MIL,26.0,60,28,1291.0,219,432,0.507,0.0,0.0,0.0,91,170,0.535,112.0,261.0,373.0,24,32.0,54.0,80.0,176,529
587,246,1990-91,00,1610612749,MIL,27.0,26,0,247.0,27,73,0.37,0.0,1.0,0.0,16,28,0.571,26.0,49.0,75.0,3,8.0,9.0,22.0,29,70
588,246,1990-91,00,1610612751,NJN,27.0,1,0,18.0,4,4,1.0,0.0,0.0,0.0,0,0,0.0,4.0,2.0,6.0,1,2.0,0.0,1.0,4,8
589,246,1990-91,00,1610612743,DEN,27.0,41,2,659.0,85,193,0.44,0.0,0.0,0.0,44,87,0.506,67.0,170.0,237.0,12,25.0,36.0,61.0,107,214
590,246,1990-91,00,0,TOT,27.0,68,2,924.0,116,270,0.43,0.0,1.0,0.0,60,115,0.522,97.0,221.0,318.0,16,35.0,45.0,84.0,140,292
591,246,1991-92,00,1610612743,DEN,28.0,82,82,2793.0,389,854,0.456,0.0,4.0,0.0,167,268,0.623,337.0,604.0,941.0,78,88.0,65.0,201.0,263,945
592,246,1993-94,00,1610612765,DET,30.0,77,47,1624.0,201,370,0.543,1.0,3.0,0.333,88,154,0.571,183.0,388.0,571.0,51,55.0,68.0,94.0,234,491
593,246,1994-95,00,1610612737,ATL,31.0,51,0,622.0,57,104,0.548,0.0,0.0,0.0,34,71,0.479,62.0,126.0,188.0,17,23.0,32.0,32.0,103,148
594,246,1995-96,00,1610612759,SAN,32.0,46,7,344.0,24,47,0.511,0.0,1.0,0.0,6,25,0.24,29.0,71.0,100.0,10,9.0,24.0,22.0,66,54
595,246,1996-97,00,1610612759,SAS,33.0,82,48,1662.0,130,262,0.496,0.0,1.0,0.0,62,93,0.667,157.0,291.0,448.0,34,63.0,67.0,73.0,225,322
596,246,1997-98,00,1610612737,ATL,34.0,50,0,398.0,36,81,0.444,0.0,5.0,0.0,16,41,0.39,39.0,79.0,118.0,15,19.0,10.0,17.0,85,88
597,202341,2010-11,00,1610612759,SAS,22.0,26,2,286.0,31,81,0.383,18.0,46.0,0.391,14,18,0.778,2.0,21.0,23.0,18,3.0,6.0,13.0,24,94
598,202341,2011-12,00,1610612759,SAS,23.0,51,2,603.0,66,174,0.379,19.0,68.0,0.279,39,52,0.75,16.0,63.0,79.0,41,8.0,2.0,30.0,35,190
599,202341,2012-13,00,1610612759,SAS,24.0,10,0,94.0,11,25,0.44,5.0,11.0,0.455,7,9,0.778,3.0,11.0,14.0,9,3.0,2.0,7.0,7,34
600,202341,2012-13,00,1610612745,HOU,24.0,29,2,307.0,41,101,0.406,16.0,49.0,0.327,17,19,0.895,15.0,43.0,58.0,33,12.0,3.0,18.0,18,115
601,202341,2012-13,00,0,TOT,24.0,39,2,401.0,52,126,0.413,21.0,60.0,0.35,24,28,0.857,18.0,54.0,72.0,42,15.0,5.0,25.0,25,149
602,202341,2013-14,00,1610612755,PHI,25.0,80,62,2309.0,309,717,0.431,115.0,351.0,0.328,77,106,0.726,59.0,241.0,300.0,149,74.0,28.0,106.0,154,810
603,202341,2015-16,00,1610612758,SAC,27.0,51,15,721.0,67,178,0.376,23.0,86.0,0.267,22,29,0.759,13.0,73.0,86.0,41,21.0,14.0,42.0,54,179
604,76040,1975-76,00,1610612738,BOS,22.0,22,,126.0,25,45,0.556,,,,11,16,0.688,4.0,9.0,13.0,6,3.0,3.0,,25,61
605,76040,1976-77,00,1610612754,IND,23.0,27,,164.0,26,59,0.441,,,,14,20,0.7,9.0,3.0,12.0,10,6.0,2.0,,26,66
606,1626147,2015-16,00,1610612742,DAL,22.0,55,9,647.0,71,175,0.406,22.0,83.0,0.265,44,55,0.8,18.0,114.0,132.0,29,19.0,25.0,24.0,45,208
607,1626147,2016-17,00,1610612742,DAL,23.0,51,2,710.0,111,277,0.401,37.0,122.0,0.303,70,88,0.795,39.0,110.0,149.0,32,28.0,16.0,40.0,64,329
608,1626147,2016-17,00,1610612755,PHI,23.0,24,8,518.0,75,162,0.463,21.0,72.0,0.292,32,41,0.78,30.0,66.0,96.0,34,13.0,7.0,26.0,45,203
609,1626147,2016-17,00,0,TOT,23.0,75,10,1227.0,186,439,0.424,58.0,194.0,0.299,102,129,0.791,69.0,176.0,245.0,66,41.0,23.0,66.0,109,532
610,1626147,2017-18,00,1610612755,PHI,24.0,38,0,519.0,87,202,0.431,34.0,103.0,0.33,28,38,0.737,25.0,68.0,93.0,25,15.0,7.0,16.0,54,236
611,1626147,2018-19,00,1610612737,ATL,25.0,48,4,464.0,64,157,0.408,24.0,77.0,0.312,26,35,0.743,24.0,60.0,84.0,23,22.0,13.0,23.0,48,178
612,1626147,2019-20,00,1610612751,BKN,26.0,10,1,107.0,10,38,0.263,6.0,29.0,0.207,2,4,0.5,1.0,20.0,21.0,8,0.0,6.0,4.0,13,28
613,1626147,2021-22,00,1610612739,CLE,28.0,3,0,47.0,4,8,0.5,2.0,6.0,0.333,3,4,0.75,0.0,6.0,6.0,6,1.0,0.0,2.0,4,13
614,1626147,2021-22,00,1610612754,IND,28.0,13,6,269.0,32,87,0.368,13.0,53.0,0.245,12,15,0.8,4.0,36.0,40.0,27,7.0,6.0,6.0,18,89
615,1626147,2021-22,00,0,TOT,28.0,16,6,316.0,36,95,0.379,15.0,59.0,0.254,15,19,0.789,4.0,42.0,46.0,33,8.0,6.0,8.0,22,102
616,72,1991-92,00,1610612751,NJN,21.0,64,13,1086.0,187,480,0.39,3.0,13.0,0.231,73,98,0.745,38.0,89.0,127.0,203,67.0,9.0,97.0,68,450
617,72,1992-93,00,1610612751,NJN,22.0,55,55,2010.0,370,850,0.435,7.0,25.0,0.28,180,232,0.776,51.0,175.0,226.0,449,96.0,11.0,153.0,140,927
618,72,1993-94,00,1610612751,NJN,23.0,82,82,3135.0,576,1381,0.417,40.0,132.0,0.303,346,423,0.818,89.0,233.0,322.0,784,158.0,15.0,266.0,201,1538
619,72,1994-95,00,1610612751,NJN,24.0,72,70,2689.0,411,1031,0.399,97.0,294.0,0.33,348,414,0.841,73.0,177.0,250.0,680,103.0,14.0,225.0,184,1267
620,72,1995-96,00,1610612751,NJN,25.0,31,28,1042.0,143,380,0.376,36.0,99.0,0.364,151,188,0.803,37.0,64.0,101.0,247,52.0,8.0,58.0,73,473
621,72,1995-96,00,1610612766,CHH,25.0,38,36,1302.0,206,454,0.454,56.0,157.0,0.357,109,150,0.727,26.0,76.0,102.0,328,59.0,6.0,88.0,105,577
622,72,1995-96,00,0,TOT,25.0,69,64,2344.0,349,834,0.418,92.0,256.0,0.359,260,338,0.769,63.0,140.0,203.0,575,111.0,14.0,146.0,178,1050
623,72,1996-97,00,1610612757,POR,26.0,82,81,3081.0,485,1137,0.427,132.0,366.0,0.361,334,435,0.768,91.0,272.0,363.0,584,162.0,15.0,193.0,222,1436
624,72,1997-98,00,1610612757,POR,27.0,45,40,1472.0,204,527,0.387,47.0,133.0,0.353,112,145,0.772,36.0,98.0,134.0,245,61.0,1.0,114.0,99,567
625,72,1997-98,00,1610612738,BOS,27.0,16,16,386.0,64,147,0.435,10.0,27.0,0.37,41,49,0.837,3.0,36.0,39.0,100,26.0,0.0,29.0,36,179
626,72,1997-98,00,0,TOT,27.0,61,56,1858.0,268,674,0.398,57.0,160.0,0.356,153,194,0.789,39.0,134.0,173.0,345,87.0,1.0,143.0,135,746
627,72,1998-99,00,1610612738,BOS,28.0,34,33,1010.0,161,357,0.451,6.0,24.0,0.25,84,101,0.832,24.0,79.0,103.0,193,33.0,2.0,71.0,78,412
628,72,1999-00,00,1610612738,BOS,29.0,82,82,2593.0,434,986,0.44,85.0,220.0,0.386,196,253,0.775,55.0,170.0,225.0,420,139.0,8.0,130.0,230,1149
629,72,2000-01,00,1610612738,BOS,30.0,33,28,850.0,88,227,0.388,11.0,33.0,0.333,59,71,0.831,16.0,57.0,73.0,134,44.0,2.0,52.0,62,246
630,72,2001-02,00,1610612738,BOS,31.0,76,76,2428.0,312,716,0.436,9.0,33.0,0.273,98,132,0.742,57.0,218.0,275.0,403,141.0,10.0,119.0,210,731
631,72,2002-03,00,1610612760,SEA,32.0,38,1,689.0,102,232,0.44,0.0,5.0,0.0,29,35,0.829,17.0,70.0,87.0,121,40.0,1.0,33.0,63,233
632,72,2002-03,00,1610612740,NOH,32.0,23,1,446.0,61,150,0.407,1.0,2.0,0.5,16,22,0.727,14.0,31.0,45.0,77,18.0,4.0,42.0,43,139
633,72,2002-03,00,0,TOT,32.0,61,2,1135.0,163,382,0.427,1.0,7.0,0.143,45,57,0.789,31.0,101.0,132.0,198,58.0,5.0,75.0,106,372
634,72,2003-04,00,1610612754,IND,33.0,44,31,907.0,113,256,0.441,1.0,4.0,0.25,35,48,0.729,19.0,62.0,81.0,125,26.0,5.0,50.0,73,262
635,72,2004-05,00,1610612737,ATL,34.0,39,20,718.0,81,190,0.426,6.0,13.0,0.462,27,37,0.73,23.0,60.0,83.0,98,33.0,0.0,46.0,81,195
636,72,2004-05,00,1610612746,LAC,34.0,4,0,26.0,4,11,0.364,0.0,0.0,0.0,0,0,0.0,1.0,4.0,5.0,5,0.0,0.0,3.0,6,8
637,72,2004-05,00,0,TOT,34.0,43,20,744.0,85,201,0.423,6.0,13.0,0.462,27,37,0.73,24.0,64.0,88.0,103,33.0,0.0,49.0,87,203
638,76041,1978-79,00,1610612757,POR,24.0,21,,224.0,24,77,0.312,,,,15,28,0.536,17.0,28.0,45.0,15,4.0,5.0,22.0,42,63
639,203937,2014-15,00,1610612759,SAS,21.0,33,8,358.0,31,89,0.348,3.0,11.0,0.273,9,14,0.643,5.0,67.0,72.0,28,15.0,7.0,10.0,28,74
640,203937,2015-16,00,1610612759,SAS,22.0,78,11,1245.0,138,295,0.468,12.0,37.0,0.324,62,83,0.747,25.0,219.0,244.0,123,60.0,29.0,59.0,97,350
641,203937,2016-17,00,1610612759,SAS,23.0,72,14,1020.0,93,209,0.445,15.0,40.0,0.375,45,57,0.789,33.0,175.0,208.0,91,51.0,26.0,39.0,63,246
642,203937,2017-18,00,1610612759,SAS,24.0,74,67,1978.0,231,438,0.527,19.0,57.0,0.333,104,146,0.712,84.0,312.0,396.0,202,115.0,60.0,94.0,114,585
643,203937,2018-19,00,1610612763,MEM,25.0,43,40,1282.0,150,276,0.543,9.0,34.0,0.265,37,64,0.578,48.0,203.0,251.0,128,54.0,37.0,58.0,112,346
644,203937,2019-20,00,1610612763,MEM,26.0,67,28,1330.0,157,331,0.474,24.0,85.0,0.282,52,78,0.667,58.0,227.0,285.0,162,54.0,37.0,66.0,111,390
645,203937,2020-21,00,1610612763,MEM,27.0,69,69,1887.0,308,658,0.468,94.0,261.0,0.36,144,184,0.783,52.0,344.0,396.0,250,84.0,57.0,86.0,120,854
646,203937,2021-22,00,1610612763,MEM,28.0,69,11,1484.0,209,469,0.446,36.0,109.0,0.33,67,105,0.638,69.0,299.0,368.0,183,77.0,45.0,71.0,108,521
647,203937,2022-23,00,1610612750,MIN,29.0,69,46,1957.0,252,495,0.509,43.0,105.0,0.41,100,136,0.735,66.0,302.0,368.0,335,78.0,63.0,103.0,146,647
648,203937,2023-24,00,1610612750,MIN,30.0,79,10,1782.0,199,433,0.46,11.0,48.0,0.229,97,137,0.708,60.0,213.0,273.0,331,71.0,47.0,91.0,128,506
649,203937,2024-25,00,1610612744,GSW,31.0,36,3,541.0,76,169,0.45,19.0,52.0,0.365,18,27,0.667,27.0,83.0,110.0,81,26.0,20.0,20.0,40,189
650,76042,1988-89,00,1610612759,SAN,23.0,36,12,730.0,73,175,0.417,1.0,7.0,0.143,57,82,0.695,44.0,45.0,89.0,153,44.0,3.0,84.0,64,204
